Artist_and_Track_Name,France_Streams,Position
Ed Sheeran - Shape of You,46245081,1
Niska - Réseaux,32676109,2
Damso - Θ. Macarena,28999946,3
Kalash - Mwaka Moon,23675630,4
French Montana - Unforgettable,21290467,5
Damso - Ε. Signaler,20401928,6
Ninho - Mamacita,20215790,7
Luis Fonsi - Despacito (Featuring Daddy Yankee),19651111,8
Future - Mask Off,18945509,9
Starley - Call On Me - Ryan Riback Extended Remix,18127408,10
Niska - Salé,17878773,11
PNL - Bené,17802908,12
Petit Biscuit - Sunset Lover,17704768,13
Ofenbach - Be Mine,17035403,14
Damso - Γ. Mosaïque solitaire,16712786,15
PNL - Onizuka,16519713,16
Imagine Dragons - Believer,16109112,17
Lartiste - Chocolat (feat. Awa),16002995,18
Luis Fonsi - Despacito - Remix,15970056,19
Kygo - It Ain't Me (with Selena Gomez),15683558,20
The Weeknd - I Feel It Coming,15568641,21
Charlie Puth - Attention,15420216,22
Siboy - Mobali,15145512,23
Post Malone - rockstar,15097463,24
Damso - N. J Respect R,15013219,25
Imagine Dragons - Thunder,14854337,26
Calvin Harris - Feels,14830425,27
Macklemore - Glorious (feat. Skylar Grey),14700064,28
Camila Cabello - Havana,14670001,29
Niska - Tuba Life,14500522,30
PNL - Jusqu'au dernier gramme,14448924,31
Ninho - De l'autre côté (feat. Nekfeu),14141687,32
Benash - Ghetto,14002052,33
Nekfeu - Mauvaise graine,13783899,34
Clean Bandit - Rockabye (feat. Sean Paul & Anne-Marie),13734991,35
Hornet La Frappe - Gramme 2 peuf,13610835,36
Damso - Α. Nwaar Is The New Black,13437701,37
Niska - Chasse à l'homme,13324134,38
"ZAYN - I Don’t Wanna Live Forever (Fifty Shades Darker) - From ""Fifty Shades Darker (Original Motion Picture Soundtrack)""",13123313,39
Hornet La Frappe - Je pense à toi,13118409,40
The Chainsmokers - Something Just Like This,13072191,41
Dadju - Reine,12882315,42
Orelsan - Basique,12857904,43
Damso - B. #QuedusaalVie,12703420,44
Jason Derulo - Swalla (feat. Nicki Minaj & Ty Dolla $ign),12678410,45
Niska - B.O.C,12556759,46
Sofiane - Tout l'monde s'en fout,12454718,47
Jax Jones - You Don't Know Me - Radio Edit,12448201,48
Martin Garrix - Scared to Be Lonely,12405111,49
Niska - Medellín,12376867,50
DJ Khaled - Wild Thoughts,12302476,51
Zedd - Stay (with Alessia Cara),12137415,52
MHD - Afro Trap Pt. 7 (La puissance),12065007,53
Clean Bandit - Symphony (feat. Zara Larsson),11997716,54
Dosseh - Infréquentables,11825784,55
Rag'n'Bone Man - Human,11534775,56
DJ Khaled - I'm the One,11453179,57
Vianney - Je m'en vais,11404453,58
Kaaris - Tchoin,11299438,59
Axwell /\ Ingrosso - More Than You Know,11271573,60
Kendrick Lamar - HUMBLE.,11262132,61
Lorenzo - Fume à fond,11192631,62
Drake - One Dance,11179959,63
J Balvin - Mi Gente,11039430,64
Dua Lipa - New Rules,10893410,65
PNL - Naha,10864756,66
Shakira - Chantaje,10835963,67
Sadek - Madre mia (feat. Ninho),10756046,68
Shawn Mendes - There's Nothing Holdin' Me Back,10706650,69
Julia Michaels - Issues,10641327,70
Burak Yeter - Tuesday,10438998,71
Martin Solveig - All Stars,10423494,72
ZAYN - Dusk Till Dawn - Radio Edit,10382283,73
Dabs - Ouloulou,10341308,74
Jonas Blue - Mama,10233748,75
Ed Sheeran - Galway Girl,10176984,76
David Guetta - 2U (feat. Justin Bieber),10093185,77
Calvin Harris - Slide,9967581,78
Nekfeu - Saturne,9660447,79
Sofiane - Mon p'tit loup,9554706,80
Portugal. The Man - Feel It Still,9511735,81
Lacrim - Oh bah oui,9458397,82
Sean Paul - No Lie,9380379,83
Maggie Lindemann - Pretty Girl - Cheat Codes X CADE Remix,9361726,84
Bigflo & Oli - Dommage,9275346,85
Rag'n'Bone Man - Skin,9262576,86
Orelsan - Défaite de famille,9186679,87
"Major Lazer - Know No Better (feat. Travis Scott, Camila Cabello & Quavo)",9115840,88
Ødyssey - Fly (feat. Amara Abonta),9098950,89
Nekfeu - Squa,9097703,90
Maroon 5 - What Lovers Do (feat. SZA),9023874,91
Alonzo - Suis-moi,9015997,92
The Chainsmokers - It Won't Kill Ya,8976551,93
Ed Sheeran - Perfect,8877931,94
Niska - Story X,8828031,95
KeBlack - Bazardée,8723527,96
Kungs - I Feel So Bad,8721439,97
Ninho - Rose,8698519,98
MHD - Afro Trap Pt. 8 (Never),8646877,99
Damso - Ζ. Kietu,8554645,100
Loïc Nottet - Million Eyes,8313949,101
Alonzo - Papa allo,8281421,102
Lil Uzi Vert - XO TOUR Llif3,8230607,103
Kaleo - Way Down We Go,8222763,104
Orelsan - Tout va bien,8183753,105
Lacrim - Grande armée,8137320,106
Major Lazer - Run Up (feat. PARTYNEXTDOOR & Nicki Minaj),8136251,107
Ninho - Elle m'a eu,8115775,108
Booba - DKR,8109125,109
Enrique Iglesias - SUBEME LA RADIO,8108298,110
Møme - Aloha,8103017,111
Booba - Nougat,8029200,112
P!nk - What About Us,7958798,113
Jul - Ma jolie,7906408,114
Drake - Passionfruit,7862090,115
Ofenbach - Katchi (Ofenbach vs. Nick Waterhouse),7851211,116
Lacrim - Ce soir ne sors pas,7816584,117
JP Cooper - September Song,7759884,118
Rim'K - Cellophané,7562082,119
DJ Snake - Let Me Love You,7524447,120
Robin Schulz - OK,7507510,121
Avicii - Lonely Together (feat. Rita Ora),7486045,122
Martin Garrix - There for You,7441974,123
James Arthur - Say You Won't Let Go,7431165,124
The Chainsmokers - Paris,7429798,125
Alok - Hear Me Now,7399711,126
PNL - DA,7377733,127
Lil Pump - Gucci Gang,7352808,128
Lacrim - Traîtres,7322059,129
Liam Payne - Strip That Down,7280024,130
Damso - Κ. Kin la belle,7245405,131
Calvin Harris - My Way,7218603,132
Twenty One Pilots - Ride,7153412,133
Martin Jensen - Solo Dance,7138576,134
Ed Sheeran - Castle on the Hill,7137098,135
NEIKED - Sexual,7103414,136
Katy Perry - Chained To The Rhythm,7006527,137
Ninho - Laisse pas traîner ton fils (feat. Sofiane),6949570,138
PNL - Dans la légende,6929268,139
Orelsan - La fête est finie,6915741,140
Ninho - Caramelo,6896017,141
Damso - Paris c'est loin,6895577,142
Orelsan - Notes pour trop tard (feat. Ibeyi),6861510,143
Sadek - Dans la lune,6790625,144
Damso - Δ. Dieu ne ment jamais,6783984,145
Orelsan - San,6777722,146
Ninho - Chino,6735430,147
Rita Ora - Your Song,6723194,148
Marshmello - Silence,6721118,149
Sadek - La vache,6702597,150
Aya Nakamura - Comportement,6700190,151
Booba - Friday,6621534,152
Kaaris - Boyz N The Hood,6607394,153
Logic - 1-800-273-8255,6604867,154
Niska - J'suis dans l'baye,6586211,155
Orelsan - Zone (feat. Nekfeu & Dizzee Rascal),6544594,156
Kaaris - Bling Bling,6512550,157
The Weeknd - Starboy,6506620,158
Djadja & Dinaz - Déstabilisé,6495748,159
DJ Sem - Mi Corazón,6418396,160
Bruno Mars - That's What I Like,6319410,161
Sofiane - Toka,6292564,162
Booba - 113,6284971,163
Orelsan - Christophe (feat. Maître Gims),6265008,164
Boostee - Pop Corn,6212177,165
Ninho - Roro,6156284,166
Sadek - La bise (feat. Brulux),6119041,167
Rilès - Brothers,6099603,168
Booba - Petite fille,6043016,169
Sia - Never Give Up,5974755,170
Avicii - Without You (feat. Sandro Cavazza),5954769,171
Mister V - Space Jam,5949969,172
Djadja & Dinaz - Maléfique,5935666,173
Kygo - First Time,5934273,174
Mister V - Top album,5923832,175
Orelsan - La pluie (feat. Stromae),5867374,176
Kygo - Stargazing,5845595,177
Vald - Vitrine,5833311,178
Naïve New Beaters - Heal Tomorrow,5805524,179
Booba - Drapeau noir,5777821,180
Ninho - Dis-moi que tu m'aimes,5745189,181
Orelsan - Paradis,5723274,182
Maroon 5 - Don't Wanna Know,5715204,183
Alice Merton - No Roots,5611043,184
SCH - 6.45i,5589291,185
Lacrim - Noche,5585357,186
Mike Posner - I Took A Pill In Ibiza - Seeb Remix,5564985,187
Orelsan - Quand est-ce que ça s'arrête,5550423,188
NF - Let You Down,5528636,189
Shawn Mendes - Mercy,5526782,190
Alonzo - Feu d'artifice,5511377,191
Sadek - En leuleu (feat. Niska),5508487,192
L'Algérino - Les menottes (Tching Tchang Tchong),5502125,193
Lacrim - La dolce vita,5501239,194
Damso - Λ. Lové,5411510,195
Niska - Snapchat,5409101,196
Sia - Cheap Thrills,5322077,197
Demi Lovato - Sorry Not Sorry,5316359,198
Martin Solveig - Places,5299323,199
Danny Ocean - Me Rehúso,5278156,200
Booba - Ridin',5264913,201
Djadja & Dinaz - C'est la même,5242856,202
Lartiste - Catchu Catchu,5201014,203
Naza - MMM,5196661,204
Booba - Trône,5169403,205
Orelsan - Bonne meuf,5137404,206
Bigflo & Oli - Alors alors,5127705,207
Lauv - I Like Me Better,5068445,208
Niska - Amour X,5036002,209
Justin Bieber - Friends (with BloodPop®),4998588,210
Maître Gims - Tout donner - Pilule Violette,4959914,211
Lomepal - Yeux disent,4938357,212
Bebe Rexha - I Got You,4883311,213
Kalash Criminel - Je ne comprends pas,4832826,214
Dosseh - PDCV (Pas dans cette vie),4829626,215
Niska - Ah bon ?,4819608,216
Sneazzy - Skurt Cobain,4814580,217
DTF - 100 rêves,4805938,218
Jul - Tchikita,4775127,219
SCH - Comme si,4762461,220
Booba - Daniel Sam,4741654,221
Ninho - Comme prévu,4733131,222
Naps - À part ça,4729260,223
Naps - Pochon bleu,4711362,224
Ninho - Lové (feat. Gradur),4705352,225
Selena Gomez - Wolves,4688086,226
A R I Z O N A - Oceans Away,4665260,227
Gradur - Oblah,4648093,228
Damso - Tueurs,4639366,229
Kungs - This Girl (Kungs Vs. Cookin' On 3 Burners) - Kungs Vs. Cookin' On 3 Burners,4637608,230
Orelsan - La lumière,4572518,231
Niska - Versus,4569388,232
"Orelsan - Dans ma ville, on traîne",4568892,233
Imagine Dragons - Whatever It Takes,4567950,234
Major Lazer - Light It Up (feat. Nyla & Fuse ODG) - Remix,4557055,235
"Columbine - Pierre, feuille, papier, ciseaux",4551494,236
Migos - Bad and Boujee (feat. Lil Uzi Vert),4508608,237
Tess - Love Gun - Radio Edit,4502208,238
Soprano - Roule,4474172,239
Niska - La wewer,4471129,240
"Kaaris - Je suis gninnin, je suis bien",4456808,241
Maroon 5 - Cold,4426774,242
Hornet La Frappe - Maghrébin,4409167,243
Twenty One Pilots - Heathens,4408491,244
John Legend - Love Me Now,4406353,245
SCH - MAC 11,4395189,246
Damso - Η. Gova,4364623,247
DJ Snake - A Different Way (with Lauv),4350871,248
Louis Tomlinson - Back to You (feat. Bebe Rexha & Digital Farm Animals),4341767,249
Sadek - Andale (feat. Gradur),4337977,250
Post Malone - Congratulations,4315052,251
Niska - Twerk dans l'binks,4286514,252
21 Savage - Bank Account,4274373,253
Niska - Favélas,4269541,254
Sam Smith - Too Good At Goodbyes,4268822,255
Kaaris - Dozo,4200800,256
J Balvin - Mi Gente (feat. Beyoncé),4134452,257
Jul - Elle et l'autre,4109064,258
Shawn Mendes - Treat You Better,4104800,259
OneRepublic - Rich Love (with Seeb),4078584,260
Damso - Amnésie,4070535,261
HEDIA - Your Mind (feat. Kristen Marie),4061742,262
MØ - Final Song,4058426,263
Hornet La Frappe - Dead ça,4053607,264
Steve Aoki - Just Hold On,4040291,265
Feder - Lordly (feat. Alex Aiono),4009909,266
MC Fioti - Joga o Bum Bum Tamtam,3988679,267
Lacrim - Judy Moncada,3979583,268
S.Pri Noir - Highlander,3949129,269
G-Eazy - Good Life (with G-Eazy & Kehlani),3943005,270
Kaaris - Blow,3889260,271
Louane - On était beau,3825935,272
Booba - Bouyon,3820112,273
Kalash Criminel - Arrêt du cœur,3814886,274
The Chainsmokers - Closer,3813910,275
Hornet La Frappe - Double h,3805264,276
Macklemore - Good Old Days (feat. Kesha),3784596,277
S.Pri Noir - Skywalker,3781647,278
Booba - Centurion,3765058,279
4Keus Gang - O'KCLH,3699534,280
Soprano - Mon Everest - feat. Marina Kaye,3688711,281
Booba - Ça va aller,3686275,282
Ninho - Ce soir (feat. Alonzo),3676905,283
Niska - H&M,3674656,284
Charlie Puth - How Long,3634357,285
Alonzo - Bagarre,3593298,286
Nekfeu - Réalité augmentée,3559349,287
Maluma - Felices los 4,3502597,288
Taylor Swift - Look What You Made Me Do,3496271,289
Jonas Blue - By Your Side,3476826,290
Lacrim - Veux-tu ?,3461367,291
Katy Perry - Bon appétit,3447114,292
Sofiane - X,3442450,293
Bruno Mars - 24K Magic,3433636,294
Lacrim - Tous les mêmes,3425055,295
Booba - Magnifique,3420892,296
Bigflo & Oli - Personne,3379719,297
Kalash - Koussi koussa,3369951,298
Jul - Je ne me vois pas briller,3368171,299
MHD - Bravo,3349831,300
Lorde - Green Light,3319862,301
Jul - La tête dans les nuages,3315219,302
XXXTENTACION - Jocelyn Flores,3309659,303
Deen Burbigo - Tu rêves,3302607,304
Jennifer Lopez - Ain't Your Mama,3297495,305
MHD - A Kele Nta,3291098,306
Rilès - Thank God,3288916,307
Booba - À la folie,3283827,308
Sia - The Greatest,3283264,309
Ninho - HLM ou Palace,3251682,310
SCH - Poupée russe,3240488,311
Booba - Terrain,3207930,312
Nekfeu - Humanoïde,3198374,313
PNL - J'suis QLF,3129401,314
Clean Bandit - I Miss You (feat. Julia Michaels),3122940,315
FRENSHIP - Capsize,3096678,316
Niro - Sors de ma tête,3087935,317
Dadju - Par amour,3085677,318
Ninho - Dita (feat. Hös),3082971,319
KeBlack - J'ai déconné,3077308,320
Drake - Signs,3075230,321
Damso - Ι. Peur d'être père,3046904,322
Timal - Vatos,2998189,323
Nekfeu - Galatée,2983953,324
Sage The Gemini - Now and Later,2982813,325
Dadju - Ma fierté,2975209,326
Kaaris - Kébra,2969963,327
Harry Styles - Sign of the Times,2965917,328
Calvin Harris - Rollin,2939675,329
Ninho - Pourquoi,2930621,330
Niska - Commando,2924316,331
Maître Gims - Caméléon,2907042,332
Rae Sremmurd - Black Beatles,2886111,333
Feder - Back For More (feat. Daecolm),2862179,334
Vald - Ma meilleure amie,2859307,335
Kendrick Lamar - DNA.,2832559,336
Selena Gomez - Fetish (feat. Gucci Mane),2827574,337
Naps - Le sens des affaires,2826910,338
Luis Fonsi - Échame La Culpa,2809607,339
Cheat Codes - Sex,2790216,340
Kaaris - Diarabi,2755143,341
Jul - On m'appelle l'ovni,2753242,342
Kaaris - Poussière,2743383,343
Naps - Ciao,2725903,344
Ninho - Carbozo,2717109,345
Sam Smith - Too Good At Goodbyes - Edit,2695404,346
Booba - DKR - Bonus Track,2686319,347
Lacrim - Colonel Carrillo,2685891,348
Major Lazer - Lean On (feat. MØ & DJ Snake),2681052,349
Major Lazer - Cold Water (feat. Justin Bieber & MØ),2662883,350
The Chainsmokers - All We Know,2660233,351
Medine - Grand Paris,2659277,352
Dadju - Bob Marley,2657251,353
Djadja & Dinaz - Souviens-toi,2657135,354
Damso - Μ. Noob Saibot,2628154,355
Djadja & Dinaz - Tenue de motard 4,2593996,356
Vianney - Moi aimer Toi,2589952,357
Lacrim - Gericault,2576888,358
Scridge - Pour walou,2561450,359
Nekfeu - Avant tu riais,2550544,360
Damso - Ξ. Une âme pour deux,2545010,361
RIDSA - Mamamia,2498766,362
Dadju - Comme si de rien n'était,2485033,363
Lacrim - Intocable,2473391,364
Ed Sheeran - Perfect Duet (Ed Sheeran & Beyoncé),2468737,365
PNL - Le monde ou rien,2459529,366
Drake - Fake Love,2457749,367
Sofiane - Ma cité a craqué,2452085,368
MMZ - Ma bulle,2442245,369
Alan Walker - Alone,2420881,370
Future - Selfish,2415683,371
Saint PHNX - King,2406996,372
Shakira - Me Enamoré,2403851,373
Shay - Thibaut Courtois,2400307,374
Django - Oiseaux,2399019,375
Fifth Harmony - Work from Home,2390903,376
David Guetta - Dirty Sexy Money (feat. Charli XCX & French Montana),2388070,377
Zara Larsson - Lush Life,2363041,378
Robin Schulz - Shed a Light,2362830,379
Niska - D.M.B,2338875,380
Desiigner - Panda,2329454,381
Lartiste - Clandestina,2323349,382
Dadju - Sous contrôle,2298009,383
Jul - Je vais t'oublier,2296473,384
Booba - E.L.E.P.H.A.N.T,2293073,385
Lady Gaga - The Cure,2285945,386
Jul - Drôle de dame,2277458,387
Nekfeu - Esquimaux,2272841,388
Alan Walker - Tired - Kygo Remix,2238081,389
The Strumbellas - Spirits,2230512,390
Black M - French Kiss,2207434,391
Benash - Ivre,2205660,392
Jul - Henrico,2204033,393
Martin Garrix - In the Name of Love,2200898,394
Sofiane - Poto,2199530,395
Dadju - Oublie-le,2198346,396
James Bay - Let It Go,2188023,397
Fally Ipupa - Bad Boy (feat. Aya Nakamura),2181454,398
Selena Gomez - Bad Liar,2163479,399
Eminem - River (feat. Ed Sheeran),2154889,400
Johnny Hallyday - Je te promets,2127469,401
Marian Hill - Down,2124164,402
Aaron Carter - Sooner Or Later,2122579,403
AJR - Weak,2114197,404
Marwa Loud - Mehdi,2108274,405
OneRepublic - Wherever I Go,2097673,406
Big Shaq - Man's Not Hot,2096822,407
Jain - Makeba - Radio Edit,2082043,408
Hamza - Life,2055000,409
Jul - Délicieuse,2035506,410
Hooss - La Provence,2033976,411
G-Eazy - Him & I (with Halsey),2033444,412
Joel Adams - Please Don't Go,2019071,413
BMYE - Pourquoi chérie,2010048,414
Amir - États d'Amour,2007840,415
Booba - E.L.E.P.H.A.N.T - Bonus Track,2000926,416
Dadju - Intuition,1993193,417
Nekfeu - Le regard des gens,1990068,418
Djadja & Dinaz - Catalogués bandits,1989525,419
"gnash - i hate u, i love u (feat. olivia o'brien)",1964665,420
Dadju - Django,1963373,421
Parcels - Overnight,1962659,422
MMZ - Orion,1934968,423
Dadju - Lionne,1934440,424
KeBlack - Premier étage,1931130,425
Lacrim - Tristi,1884583,426
Soprano - En feu,1860671,427
LANY - Super Far,1858917,428
Mariah Carey - All I Want for Christmas Is You,1848666,429
Rihanna - Love On The Brain,1836967,430
PNL - Bambina,1825831,431
Nekfeu - Nekketsu,1819889,432
Lacrim - 2 Pac,1800573,433
Childish Gambino - Redbone,1766187,434
Izzy Bizu - White Tiger - Single Version,1761246,435
Jul - C'est pas ma faute,1755626,436
SCH - J'attends,1745635,437
Ed Sheeran - Happier,1745077,438
Djadja & Dinaz - Mauvais comportement,1740044,439
Jul - Mauvaise journée,1731046,440
LP - Lost on You,1729354,441
Sadek - Petit prince,1728022,442
DJ Hamida - C'est une frappe,1725598,443
Dadju - Déjà trouvé,1717702,444
Diva Faune - Shine on my Way,1681975,445
Rilès - I Do It,1674523,446
Dadju - Seconde chance,1669803,447
Jesper Jenset - Lies,1661034,448
Mister V - Venice,1653550,449
Jul - Amigo,1650820,450
Fally Ipupa - Kiname (feat. Booba),1647885,451
Kaaris - Nador,1638565,452
Rita Ora - Anywhere,1634791,453
Djadja & Dinaz - Dans la cité,1627085,454
Alonzo - Binta,1625859,455
Alonzo - J’écris,1597188,456
Djadja & Dinaz - J'fais mes affaires,1596234,457
"Justin Timberlake - CAN'T STOP THE FEELING! (Original Song from DreamWorks Animation's ""TROLLS"")",1595740,458
Mike Perry - The Ocean,1588851,459
Mister V - Petit déjeuner,1583278,460
Still Fresh - Mon ami,1578863,461
Maître Gims - Loin - Pilule Violette,1577546,462
Booba - 92i veyron,1572721,463
Sofiane - Marion Maréchal,1550324,464
PNL - Luz de Luna,1537908,465
Dadju - Trouvez-la moi,1524560,466
Drake - Portland,1498777,467
Lacrim - 20 bouteilles,1480052,468
Mister V - Apollo13,1477841,469
Theory of a Deadman - Rx (Medicate),1473757,470
RIDSA - Avancer,1471201,471
MHD - Afro Trap Pt. 9 (Faut les wet),1461972,472
Lacrim - RIO,1434492,473
MRC - Paix sans guerre,1427830,474
Cardi B - Bodak Yellow,1423937,475
Johnny Hallyday - L'envie,1413027,476
"La La Land Cast - Another Day Of Sun - From ""La La Land"" Soundtrack",1409747,477
Martin Garrix - So Far Away,1406083,478
Louane - Si t'étais là,1405166,479
Lacrim - Rockefeller,1403844,480
Travis Scott - Butterfly Effect,1378155,481
Andrelli - Old Man,1371135,482
Jul - Beely,1367925,483
Nekfeu - O.D,1350591,484
Kalash Criminel - Enterrez-les,1347240,485
Khalid - Young Dumb & Broke,1334060,486
Lartiste - Pardonner,1328978,487
Still Fresh - Collision,1322983,488
Tom Walker - Leave a Light On,1294061,489
MZ - Les princes,1271101,490
Jul - Qui a dit ?,1266977,491
Walid Sevran - La cour des grands,1257597,492
Snakehips - Don't Leave,1252285,493
Lacrim - Kim Jong Un,1250707,494
Migos - T-Shirt,1243930,495
Jul - Ou lalala,1230703,496
Kalash Criminel - Mélanger,1228188,497
PNL - Tu sais pas,1224791,498
Jul - Cagoulé,1213968,499
Dosseh - Putain d'époque,1212899,500
Jul - Comme les gens d'ici,1195074,501
Eminem - Walk On Water (feat. Beyoncé),1187986,502
Deorro - Bailar,1187577,503
Machine Gun Kelly - Bad Things (with Camila Cabello),1186656,504
Lacrim - J'essaie,1183586,505
Damso - BruxellesVie,1173632,506
Alonzo - DLG,1168156,507
Nekfeu - Besoin de sens,1141265,508
SCH - Nino Brown,1140179,509
Lorenzo - Freestyle du sale,1133217,510
Ed Sheeran - Thinking Out Loud,1128612,511
Naps - Vroum vroum,1120579,512
Nekfeu - Princesse,1119789,513
Jonas Blue - Perfect Strangers,1116925,514
Twenty One Pilots - Stressed Out,1110446,515
Dadju - J'ai dit non,1109062,516
Kaaris - Feghouli,1105155,517
Lacrim - Audemars Piguet,1103709,518
Vald - Trophée,1101252,519
Alicia Keys - Blended Family (What You Do For Love),1100456,520
Mister V - Deutsche Qualität,1098046,521
Jonas Blue - Fast Car,1086618,522
Ariana Grande - Side To Side,1084342,523
Lacrim - Laisse-les,1071197,524
Djadja & Dinaz - La haine,1069785,525
Diplo - Get It Right (feat. MØ),1069209,526
Lacrim - Pardon...,1066997,527
Robin Schulz - I Believe I'm Fine,1056261,528
Lacrim - Partis de rien,1049788,529
MMZ - Pardon,1048992,530
Gradur - Dans ma vie,1046191,531
Sofiane - C'est nous les condés,1041401,532
Hailee Steinfeld - Starving,1039657,533
Miley Cyrus - Malibu,1039539,534
Hornet La Frappe - T'es un marrant (feat. Sofiane),1039167,535
Kendrick Lamar - LOYALTY. FEAT. RIHANNA.,1033818,536
Charlie Puth - We Don't Talk Anymore (feat. Selena Gomez),1032991,537
Hornet La Frappe - Igo,1029722,538
Hamza - Vibes,1026655,539
Katy Perry - Bon Appétit,1024941,540
Adele - Water Under the Bridge,1023744,541
The Chainsmokers - Don't Let Me Down,1018759,542
Jul - Je m'en fous de ta nana,1017031,543
Jul - C'est le son de la gratte,1014834,544
Lisandro Cuxi - Danser,1011216,545
Hayce Lemsi - Pull in up,1011114,546
MMZ - Bulma,1010270,547
Dadju - Jenny,1005767,548
Lacrim - Ça paie pas,1003027,549
Rim'K - Fantôme,1000110,550
Niro - Printemps blanc,995161,551
Lacrim - Cohiba,994035,552
S.Crew - J’aurais pas dû,992398,553
Migos - MotorSport,969931,554
Sadek - Napoli,966663,555
Lacrim - Papa Trabaja,965933,556
MAI LAN - Vampire,945647,557
Sofiane - Le cercle,942269,558
Lacrim - Vory V Zakone,930453,559
Lacrim - La valise,929479,560
Naza - A Gogo,927924,561
Broken Back - Halcyon Birds,921013,562
Hayce Lemsi - Havana,910689,563
Niall Horan - Too Much To Ask,908033,564
Halsey - Now Or Never,906260,565
Booba - Validée,904259,566
Siboy - Mula,897964,567
Jul - Je traîne seul,897489,568
Djadja & Dinaz - J'suis kha,890832,569
Nekfeu - Programmé,887877,570
Djadja & Dinaz - En vrai,882131,571
Hooss - A la Gustavo,879282,572
Greg June - How Many Times,862691,573
"Ryan Gosling - City Of Stars - From ""La La Land"" Soundtrack",857920,574
Lacrim - Mode S,857362,575
The Vamps - All Night,852419,576
Timal - La 6,834389,577
Hornet La Frappe - Terrain glissant (feat. Kalash Criminel),830469,578
Johnny Hallyday - Allumer le feu,828579,579
Lacrim - Nuit blanche,814739,580
13 Block - Vide,813011,581
Busy P - Genie (feat. Mayer Hawthorne) - Radio Edit,805720,582
PNL - Mira,800917,583
Jul - Tu mentiras,786435,584
Coldplay - Hymn For The Weekend - Seeb Remix,782291,585
Kendrick Lamar - ELEMENT.,781194,586
Kalash Criminel - Euphorie,780415,587
Nekfeu - Vinyle,779316,588
Sofiane - 93 empire,773093,589
Djadja & Dinaz - On parle pas,773041,590
Claudio Capéo - Un homme debout,771037,591
Mister V - Gville,766886,592
Dadju - Déjà donné,762606,593
Sofiane - Pégase,758473,594
James Arthur - Naked,755770,595
ALP - Pause,755303,596
Wham! - Last Christmas,751859,597
Djadja & Dinaz - Seuls,749727,598
Alessia Cara - Scars To Your Beautiful,749201,599
Vald - Megadose,739831,600
Ed Sheeran - Dive,739164,601
KYLE - iSpy (feat. Lil Yachty),734782,602
G-Eazy - No Limit,733124,603
PNL - Uranus,732454,604
Django - Fichu,730993,605
Drake - Blem,729879,606
SCH - Allo maman,727340,607
Ty Dolla $ign - Darkside (with Ty Dolla $ign & Future feat. Kiiara),725006,608
Anne-Marie - Ciao Adios,722117,609
The Lumineers - Ophelia,720649,610
Lacrim - Mythone pas,717074,611
Alonzo - La vaillance,716863,612
Johnny Hallyday - Le pénitencier,714585,613
Sia - Santa's Coming For Us,714048,614
Mister V - Demain,694157,615
Hearts & Colors - Lighthouse - Andrelli Remix,682696,616
Jul - Je suis resté le même,681740,617
Dadju - #PTD,676409,618
PNL - Humain,668784,619
Johnny Hallyday - Quelque chose de Tennessee,662071,620
Alonzo - Génération X-Or,657988,621
Mister V - Bulletproof,646222,622
Petit Biscuit - Waterfall,644002,623
Hornet La Frappe - Ça passe,643879,624
Offset - Ric Flair Drip (& Metro Boomin),640031,625
Jul - Fratellu,639035,626
MC Fioti - Joga O Bum Bum Tam Tam,637650,627
Guy2bezbar - Strike,633157,628
DTF - Avant de partir,629362,629
Johnny Hallyday - Requiem pour un fou,627859,630
DNCE - Cake By The Ocean,624282,631
Kendrick Lamar - LOVE. FEAT. ZACARI.,624133,632
Jul - E.T.,623512,633
Hornet La Frappe - 2 fois plus,619599,634
Jul - Madame,618325,635
XXXTENTACION - Fuck Love (feat. Trippie Redd),616931,636
Jul - Monde violent,612356,637
Mister V - Thérapie,607364,638
Lacrim - Solitaire,606738,639
Hornet La Frappe - Boca,602789,640
Maître Gims - Marabout,601653,641
Vald - Désaccordé,600966,642
Marwa Loud - Fallait pas,598675,643
Calvin Harris - This Is What You Came For,598390,644
Sofiane - Un boulot sérieux,588665,645
Jul - Le 46 de Rossi,587022,646
Ed Sheeran - How Would You Feel (Paean),585051,647
Djadja & Dinaz - Avant,583463,648
Sneazzy - N17,583277,649
MC Fioti - Bum Bum Tam Tam,583215,650
Rim'K - Rien de lavable,582066,651
Jul - Saoûlé,581336,652
Keen' V - Elle a,580315,653
Joyce Jonathan - Les filles d'aujourd'hui,579049,654
Johnny Hallyday - Marie,579031,655
Fifth Harmony - Down,577934,656
"Emma Stone - Someone In The Crowd - From ""La La Land"" Soundtrack",575210,657
Johnny Hallyday - Que je t'aime,573493,658
Kaaris - Victoire,568942,659
SCH - Allez leur dire,568827,660
Hearts & Colors - Shame,566137,661
Lacrim - 3dabi,563293,662
Kaaris - Végéta,559892,663
Ed Sheeran - New Man,558322,664
Ninho - Tout ira mieux,551351,665
SCH - Les années de plomb,551143,666
Johnny Hallyday - Sang pour sang,546576,667
AM - Histoire de,545163,668
Abou Debeing - C'est pas bon,543770,669
Lacrim - London Blues,543162,670
Jul - Temps d'avant,541220,671
SCH - Day Date,531238,672
Sofiane - Maître Ruben,525688,673
SCH - Pas la paix,525433,674
Kaaris - Marchand d’ivoire,522085,675
Ed Sheeran - What Do I Know?,515948,676
SCH - Ca va,513399,677
Cheat Codes - No Promises (feat. Demi Lovato),508548,678
Jul - Mon tiek ti amo,503220,679
Jul - Je fais le sourd,502853,680
Jul - Ça rêve,497475,681
Kalash - Snitch,497015,682
Jul - Mon bijou,496924,683
Jul - Flêcheur fou,492764,684
S.Pri Noir - Baby Gyal,491563,685
Hamza - Juste une minute,491221,686
Sneazzy - Ouais mec - Remix,488633,687
Camila Cabello - Crying in the Club,483176,688
Dadju - Monica,482189,689
Mister V - Nightcall,477959,690
Petit Biscuit - Gravitation,472328,691
Drake - Free Smoke,469826,692
Yall - Hundred Miles,468450,693
Kaaris - Menace,467376,694
"Lil Wayne - Sucker For Pain (with Wiz Khalifa, Imagine Dragons, Logic & Ty Dolla $ign feat. X Ambassadors)",462019,695
Djadja & Dinaz - Les crocs,460350,696
Jul - Je ne veux pas partir,457947,697
Camila Cabello - Real Friends,455340,698
Ed Sheeran - Barcelona,455073,699
Ed Sheeran - Supermarket Flowers,454618,700
Naza - À gogo,453859,701
Eminem - Believe,450931,702
Naps - Elle t'a piqué,450372,703
Mister V - Cendrillon,450027,704
Feder - Blame Me,449812,705
Ed Sheeran - Eraser,446951,706
Jul - Qui sait,446897,707
Vald - Je t'aime,441145,708
Kendrick Lamar - YAH.,440616,709
Jul - Vendetta,440422,710
Jul - Imagine,437910,711
Jul - Full Option,436074,712
Drake - Get It Together,435597,713
DRAM - Broccoli (feat. Lil Yachty),435412,714
Polo & Pan - Canopée,434217,715
Alonzo - Terrain,431795,716
Kendrick Lamar - PRIDE.,429880,717
Jain - Come,426797,718
Hamza - Mucho Love,425393,719
Kalash Criminel - Sale sonorité,425114,720
Naza - Sac à dos,424995,721
P!nk - Beautiful Trauma,424916,722
Katy Perry - Swish Swish,423615,723
Fakear - Silver,419883,724
Major Lazer - Believer,418410,725
Kendrick Lamar - XXX. FEAT. U2.,414646,726
Vald - Si j'arrêtais,413131,727
Alonzo - La paix n'a pas de prix,411264,728
Niro - Avant de partir,407760,729
Hornet La Frappe - T'as géchan,407252,730
Drake - Madiba Riddim,404247,731
MHD - Afro Trap Pt. 3 (Champions League),403901,732
Ed Sheeran - Nancy Mulligan,400979,733
SCH - Météore,395150,734
Jul - Survêt du Milan,394833,735
Ed Sheeran - Bibia Be Ye Ye,393641,736
Djadja & Dinaz - J'veux plus les voir,392093,737
Jul - Va te faire foutre,391598,738
Vald - Kid Cudi,391552,739
Rim'K - 500 €,391301,740
SCH - Temps mort,391010,741
Drake - Gyalchester,390327,742
Sofiane - Savastano,388108,743
"Nick Jonas - Bom Bidi Bom - From ""Fifty Shades Darker (Original Motion Picture Soundtrack)""",385840,744
Kendrick Lamar - FEEL.,383510,745
Linkin Park - In The End,382916,746
Big Sean - Bounce Back,380566,747
PNL - Kratos,380105,748
Bebe Rexha - (Not) The One,379040,749
ZAYN - Still Got Time,377136,750
Ed Sheeran - Hearts Don't Break Around Here,376916,751
Sofiane - Bandit saleté,376559,752
Jul - C'est ça,376119,753
Bigflo & Oli - Ça va trop vite,374691,754
Linkin Park - Numb,373041,755
SCH - La nuit,372307,756
Jul - À la cité,371151,757
Hornet La Frappe - Poukie,370540,758
Jul - Le jaloux,369176,759
Mister V - Bonobo (Bonus Track),369097,760
Sofiane - DZ mafia,368791,761
Jaded - In the Morning,368295,762
Johnny Hallyday - Laura,364780,763
Djadja & Dinaz - J'ai pas dormi de la nuit,364381,764
Alonzo - Elvira,364307,765
Hornet La Frappe - Sale idée,363197,766
Rilès - In the Jungle,362849,767
"Justin Hurwitz - Mia & Sebastian’s Theme - From ""La La Land"" Soundtrack",360400,768
Kendrick Lamar - LUST.,359870,769
Kalash - Mode avion,357045,770
Hornet La Frappe - Mon ex,356399,771
MMZ - Laisse les parler,355416,772
Benash - Coco,355199,773
Amir - On dirait,350816,774
Sofiane - Fais le mouv,348995,775
Nekfeu - Ma dope,347526,776
Rag'n'Bone Man - Grace,346515,777
Lacrim - Gustavo Gaviria,344733,778
Zay Hilfigerrr - Juju On That Beat (TZ Anthem),343940,779
Bigflo & Oli - Trop tard,343423,780
Soprano - Mon précieux,342585,781
DTF - Comme un fou,340156,782
Eminem - Remind Me,338543,783
Vald - Neo,337414,784
Drake - No Long Talk,336965,785
Dagny - Wearing Nothing,330017,786
Vald - Totem,329029,787
Kaaris - Mood,327014,788
Jul - Facilement,325145,789
Synapson - Djon Maya Maï - feat. Victor Démé [Original Mix],322235,790
Eminem - Lose Yourself - Soundtrack Version,318895,791
Robin Schulz - Sugar (feat. Francesco Yates),317146,792
Alonzo - K-2000,315812,793
Purple Disco Machine - Devil in Me,315761,794
Kaaris - Pas idée,313875,795
Drake - 4422,313722,796
SCH - Ma kush,312510,797
Michael Bublé - It's Beginning To Look A Lot Like Christmas,311166,798
Frank Sinatra - Let It Snow! Let It Snow! Let It Snow!,308247,799
Lorenzo - Le son qui fait plaiz,306425,800
Cardi B - Bartier Cardi (feat. 21 Savage),302084,801
Kaaris - Être deux,301160,802
Kaaris - Oublier,301048,803
Rim'K - Room Service,297914,804
Black M - #Askip,296862,805
Busy P - Genie (feat. Mayer Hawthorne),296572,806
Sofiane - Rebeulotte,294874,807
Eminem - Like Home (feat. Alicia Keys),294562,808
Alonzo - Jalousie,294089,809
Hayce Lemsi - Le bon chemin,293946,810
Dadju - Gentleman 2.0 - Intro,292644,811
Joke - Vision,292081,812
Taylor Swift - ...Ready For It?,289527,813
Lana Del Rey - Lust for Life (with The Weeknd),287445,814
MMZ - J'monte,285581,815
Eminem - Untouchable,282591,816
Kygo - Kids in Love,282433,817
Wisin - Escápate Conmigo,282241,818
Jul - Je ne vous oublie pas,282047,819
Columbine - Temps électrique,281067,820
Nekfeu - On verra,280988,821
Sadek - Maladie,280863,822
Drake - Jorja Interlude,280728,823
SCH - Slow Mo,278555,824
Shay - Cabeza,275864,825
Drake - Teenage Fever,275499,826
Djadja & Dinaz - Je m'isole,274790,827
Rohff - Détrôné,271600,828
Johnny Hallyday - Gabrielle,270927,829
London Grammar - Rooting For You,268842,830
Drake - Sacrifices,268838,831
Purple Disco Machine - Devil In Me (feat. Joe Killington & Duane Harden),268290,832
Aya Nakamura - Oumou Sangaré,267927,833
Julian Perretta - I Cry,265538,834
Jul - Comme un fou,262745,835
Ed Sheeran - Save Myself,262226,836
Sofiane - Bakhaw,261897,837
Ariana Grande - Santa Tell Me,260863,838
Vald - Acacia,259960,839
Vald - L.D.S,259464,840
Kendrick Lamar - BLOOD.,257895,841
"Ryan Gosling - A Lovely Night - From ""La La Land"" Soundtrack",256673,842
Alonzo - Dalé,253315,843
Julien Doré - Le lac,253015,844
Kaaris - RPG,250336,845
Djadja & Dinaz - Tu veux les billets,249258,846
Don Diablo - Cutting Shapes,249237,847
Aya Nakamura - Fuego (feat. Dadju),246251,848
Lomepal - Club,245486,849
Kalash Criminel - Piano sombre,243619,850
Niro - S3,243581,851
Petit Biscuit - Problems,241565,852
Jul - Parfum quartier,240323,853
Sofiane - Dis-moi où tu pécho,240162,854
"Alessia Cara - How Far I'll Go - From ""Moana""",239378,855
Bigflo & Oli - Papa,238255,856
Jul - Y'a plus de doute,236530,857
Kendrick Lamar - FEAR.,236437,858
"Ryan Gosling - City Of Stars - From ""La La Land"" Soundtrack/Pier",236329,859
Lord Huron - The Night We Met,235853,860
Sofiane - Dis-leur,235009,861
Sofiane - Parti de rien,234587,862
Sadek - Bender,234182,863
Ed Sheeran - Photograph,233373,864
Jul - Comment te dire,232776,865
Vald - Blanc,231403,866
"Earth, Wind & Fire - September",230963,867
Sadek - La rue c'est paro,229702,868
Moha La Squale - Bienvenue à La Banane,229600,869
SIYYU - Stop Us - Radio Edit,229149,870
Sadek - Les gants,229056,871
The Chainsmokers - The One,228296,872
Vald - Eurotrap,228203,873
Eminem - Bad Husband (feat. X Ambassadors),227141,874
Johnny Hallyday - Vivre pour le meilleur,226724,875
Moha La Squale - Rémi sans famille,225789,876
Hayce Lemsi - 6452,224330,877
Alonzo - La vraie vie,224304,878
Young Thug - pick up the phone,222922,879
Hayce Lemsi - Savastano,222864,880
Maître Gims - Sapés comme jamais - Pilule bleue,222300,881
The Drifters - White Christmas,221558,882
OutKast - Hey Ya! - Radio Mix / Club Mix,221297,883
Niro - Oxymore,220819,884
Jul - Je lève la moto,220813,885
France Gall - Il jouait du piano debout,220259,886
Johnny Hallyday - Mon plus beau Noël,218569,887
Moha La Squale - M'appelle pas mon frérot,218070,888
Kaaris - Courez,217839,889
Bigflo & Oli - Salope !,217666,890
Vald - Strip,216672,891
Johnny Hallyday - Marie - Master Mix,215329,892
Bruno Mars - Finesse (Remix) [feat. Cardi B],214658,893
Niro - Roulez,214492,894
"France Gall - Ella, elle l'a - Remasterisé",213026,895
Lana Del Rey - Love,212678,896
Sadek - Cartier panthère,210410,897
Hornet La Frappe - Misère,210230,898
Siboy - Au revoir merci,209277,899
Eminem - Chloraseptic (feat. Phresher),209104,900
Bigflo & Oli - La vie normale,208910,901
Gnarls Barkley - Crazy,207974,902
MMZ - Frero,207871,903
MMZ - Payday,206854,904
Mc Solaar - Sonotone,206188,905
MMZ - Off,205826,906
Hayce Lemsi - Electron libérable,205667,907
Johnny Hallyday - Noir c'est noir,205530,908
Jul - Samantha,205488,909
Vegedream - La fuite - Vegedream X Dj Leska / Edit MIx,204870,910
Sofiane - Cordelette,204224,911
France Gall - Résiste - Remasterisé,203370,912
Jul - Lacrizeotiek,203228,913
Alonzo - Ma famille,202662,914
Naps - Elvira,201082,915
Post Malone - Candy Paint,200986,916
Sadek - Sanz,200782,917
Bigflo & Oli - La vraie vie,200015,918
Kendrick Lamar - GOD.,199259,919
Moha La Squale - Pas comme eux,198969,920
Jul - La zone,198889,921
Johnny Hallyday - La musique que j'aime,197614,922
Drake - KMT,196755,923
Sofiane - Longue vie,196562,924
Lartiste - Vai et viens,196073,925
Ninho - Binks To Binks 4,195703,926
Nassi - La vie est belle,194787,927
Hugo TSR - Rei,194428,928
The Avener & Kim Churchill - You're My Window To The Sky,194076,929
Sofiane - Le bruit des blocks,193634,930
Jul - Je ne joue pas les thugs,193207,931
Sadek - Zahouania,192715,932
Sofiane - Bois d'argent,191363,933
Jul - Y'a pas de stress,190602,934
Sadek - Ça va aller,189333,935
Hamza - Godzilla,189107,936
Kendrick Lamar - DUCKWORTH.,188886,937
Tino Rossi - Petit Papa Noël,187449,938
Eddy de Pretto - Fête de trop - Single Version,187334,939
Vald - Petite chatte,186463,940
Deen Burbigo - Pas une autre,185692,941
Andy Williams - It's the Most Wonderful Time of the Year,185120,942
Kalash - Mwaka Story,184877,943
Drake - Skepta Interlude,184450,944
Nicky Jam - El Perdón,184147,945
Eminem - Tragic Endings (feat. Skylar Grey),183796,946
Gucci Mane - I Get The Bag (feat. Migos),183125,947
Johnny Hallyday - J'oublierai ton nom,182625,948
Johnny Hallyday - J'ai oublié de vivre,182382,949
Sadek - La tour (feat. Jok'air),182127,950
Zaho - Laissez-les kouma (feat. MHD),181805,951
Columbine - Rémi,181560,952
Sadek - Imma,179785,953
Moha La Squale - T'étais où?,179589,954
DTF - Le ciel est la limite,178410,955
Indochine - La vie est belle,177574,956
Hayce Lemsi - Haute sphère,177064,957
Sofiane - Mortal Kombat,176957,958
"Johnny Hallyday - Retiens la nuit - BOF ""Les Parisiennes""",176539,959
Linkin Park - Heavy (feat. Kiiara),174993,960
Sofiane - #JesuispasséchezSo EP 11,174907,961
Kalash Criminel - Shottas,173960,962
Bigflo & Oli - Répondez-moi,173814,963
Hamza - Pas de remords,173300,964
Macklemore & Ryan Lewis - Can't Hold Us - feat. Ray Dalton,173076,965
Indochine - L'Aventurier,172901,966
Niro - Abbé Pierre,172634,967
Eminem - Revival (Interlude),171171,968
MMZ - N'DA,171000,969
Jul - Quand on est pas là,170917,970
Jul - J'ai dit...,169637,971
Eminem - Nowhere Fast (feat. Kehlani),169418,972
Kalash Criminel - Hood,169044,973
Siboy - BQC,168303,974
Stefflon Don - Hurtin' Me,167699,975
Michael Bublé - Santa Claus Is Coming To Town,167458,976
"Jul - Je dis rien, je vois tout, j'entends",167324,977
"Hailee Steinfeld - Let Me Go (with Alesso, Florida Georgia Line & watt)",166851,978
Eminem - Framed,166604,979
Moha La Squale - Midi minuit,165696,980
Bigflo & Oli - Olivio,165411,981
OMI - Cheerleader - Felix Jaehn Remix Radio Edit,164471,982
Bigflo & Oli - Je suis,163985,983
Hayce Lemsi - Les pieds devant le D,162626,984
Jul - Mais qu'est-ce qu'on s'en bat les couilles !,162120,985
Niro - Blasé,161898,986
Hugo TSR - Là-haut,161712,987
Hayce Lemsi - C'est terminé,160506,988
Bigflo & Oli - Autre part,160505,989
Stupeflip - The Antidote,159451,990
21 Savage - Ghostface Killers,158900,991
France Gall - Evidemment - Remasterisé,158844,992
Lykke Li - I Follow Rivers - The Magician Remix,158596,993
Alonzo - Batard,157918,994
Niall Horan - Slow Hands,156916,995
Black M - Comme moi,156681,996
Damso - Débrouillard,155240,997
Naza - La débauche,154881,998
Guizmo - Pardon,154488,999
