Artist_and_Track_Name,Germany_Streams,Position
Ed Sheeran - Shape of You,97689020,1
French Montana - Unforgettable,54247500,2
Axwell /\ Ingrosso - More Than You Know,54124456,3
Bausa - Was Du Liebe nennst,51699927,4
Luis Fonsi - Despacito - Remix,50855083,5
Imagine Dragons - Thunder,48323173,6
Jason Derulo - Swalla (feat. Nicki Minaj & Ty Dolla $ign),47742974,7
The Chainsmokers - Something Just Like This,44886062,8
Bonez MC - Ohne mein Team,43381073,9
Luis Fonsi - Despacito (Featuring Daddy Yankee),42735504,10
Burak Yeter - Tuesday,42607506,11
Ed Sheeran - Galway Girl,41882140,12
Kygo - It Ain't Me (with Selena Gomez),41772802,13
Robin Schulz - OK,41730259,14
Martin Jensen - Solo Dance,41665090,15
Post Malone - rockstar,41590548,16
Jonas Blue - Mama,40118505,17
Camila Cabello - Havana,37882377,18
J Balvin - Mi Gente,36945113,19
Jax Jones - You Don't Know Me - Radio Edit,36639004,20
Nimo - Heute mit mir,36615067,21
The Chainsmokers - Paris,36429404,22
Shawn Mendes - There's Nothing Holdin' Me Back,35573544,23
Charlie Puth - Attention,35281394,24
Liam Payne - Strip That Down,34973664,25
Dua Lipa - New Rules,34590960,26
Imagine Dragons - Believer,34326675,27
Starley - Call On Me - Ryan Riback Extended Remix,34224165,28
"ZAYN - I Don’t Wanna Live Forever (Fifty Shades Darker) - From ""Fifty Shades Darker (Original Motion Picture Soundtrack)""",33772189,29
DJ Khaled - I'm the One,33675139,30
Maggie Lindemann - Pretty Girl - Cheat Codes X CADE Remix,33188103,31
Martin Garrix - Scared to Be Lonely,32903156,32
Zuna - Nummer 1,32675416,33
Lauv - I Like Me Better,32252986,34
Clean Bandit - Symphony (feat. Zara Larsson),32032481,35
Future - Mask Off,31069433,36
Marshmello - Silence,31055363,37
DJ Khaled - Wild Thoughts,30529538,38
Gestört aber GeiL - Wohin willst du,30151750,39
Ed Sheeran - Castle on the Hill,29779783,40
Miami Yacine - Bon Voyage,29394813,41
Rita Ora - Your Song,29023864,42
Zedd - Stay (with Alessia Cara),28931116,43
Capo - Lambo Diablo GT (feat. Nimo),28302044,44
RAF Camora - Kontrollieren,28061715,45
Ed Sheeran - Perfect,28043900,46
Macklemore - Glorious (feat. Skylar Grey),27991368,47
Felix Jaehn - Hot2Touch,27867978,48
Clean Bandit - Rockabye (feat. Sean Paul & Anne-Marie),27579625,49
RAF Camora - Primo,27318313,50
David Guetta - 2U (feat. Justin Bieber),27178169,51
ZAYN - Dusk Till Dawn - Radio Edit,26995817,52
AJR - Weak,26175175,53
RIN - Bros,25971415,54
Bonez MC - Palmen aus Plastik,25878461,55
Kay One - Senorita,25588026,56
Alice Merton - No Roots,25533167,57
KC Rebell - Murcielago,25008117,58
Enrique Iglesias - SUBEME LA RADIO,24929060,59
Kurdo - Ya Salam,24884039,60
Ufo361 - Nice Girl 2.0,24757056,61
Kendrick Lamar - HUMBLE.,24646647,62
187 Strassenbande - Millionär,23821406,63
RIN - Monica Bellucci,23657776,64
Justin Bieber - Friends (with BloodPop®),23555217,65
Jon Bellion - All Time Low,23179172,66
Maître Gims - Loin - Pilule Violette,22537233,67
Miami Yacine - Kokaina,21803947,68
Julia Michaels - Issues,21650644,69
NF - Let You Down,21412894,70
Lil Uzi Vert - XO TOUR Llif3,21237910,71
Alle Farben - Little Hollywood,20965891,72
Maroon 5 - What Lovers Do (feat. SZA),20781420,73
Micar - Burden Down,20654639,74
Veysel - Kleiner Cabrón,20503726,75
Bonez MC - An ihnen vorbei,20200084,76
Robin Schulz - Shed a Light,20086534,77
Kay One - Louis Louis,19619666,78
Martin Garrix - There for You,19560521,79
Trettmann - Knöcheltief,19519858,80
Post Malone - Congratulations,19426345,81
Calvin Harris - Feels,19359701,82
Alan Walker - Alone,19345113,83
Ofenbach - Be Mine,19340340,84
Logic - 1-800-273-8255,19000870,85
ItaloBrothers - Summer Air,18881982,86
The Chainsmokers - Closer,18787297,87
Cheat Codes - No Promises (feat. Demi Lovato),18760624,88
Galantis - Hunter,18683299,89
Sage The Gemini - Now and Later,18354730,90
P!nk - What About Us,18118333,91
Mark Forster - Chöre,17866990,92
Avicii - Without You (feat. Sandro Cavazza),17767893,93
Cro - Unendlichkeit,17711838,94
Major Lazer - Run Up (feat. PARTYNEXTDOOR & Nicki Minaj),17625471,95
Luke Christopher - Lot to Learn,17591147,96
Kollegah - Zieh' den Rucksack aus,17378110,97
Kygo - Stargazing,16842432,98
Portugal. The Man - Feel It Still,16842009,99
James Arthur - Say You Won't Let Go,16758738,100
Calvin Harris - Slide,16730266,101
Capital Bra - Olé Olé,16730073,102
Sean Paul - No Lie,16626447,103
"Major Lazer - Know No Better (feat. Travis Scott, Camila Cabello & Quavo)",16564395,104
Maxwell - Safari,16465888,105
Mark Forster - Sowieso - Radio Version,16397137,106
Alle Farben - Bad Ideas,16341061,107
Avicii - Lonely Together (feat. Rita Ora),16038881,108
Zuna - Wieso?,15974459,109
Shakira - Chantaje,15907597,110
Selena Gomez - Wolves,15898632,111
The Weeknd - Starboy,15880248,112
KC Rebell - Nicht jetzt,15759935,113
187 Strassenbande - Mit den Jungz,15748257,114
Vice - Steady 1234 (feat. Jasmine Thompson & Skizzy Mars),15565374,115
Capital Bra - Nur noch Gucci,15409317,116
The Vamps - All Night,15373124,117
Nimo - LFR,15312016,118
Anne-Marie - Ciao Adios,15130211,119
Drake - One Dance,15044729,120
Kygo - First Time,15012929,121
Fake Pictures - Two Princes - Radio Mix,14991286,122
Taylor Swift - Look What You Made Me Do,14970388,123
Rag'n'Bone Man - Skin,14595170,124
Camila Cabello - Crying in the Club,14575464,125
Steve Aoki - Just Hold On,14560484,126
JP Cooper - September Song,14491890,127
Imagine Dragons - Whatever It Takes,14481093,128
ALMA - Chasing Highs,14455755,129
Kaleo - Way Down We Go,14444576,130
KC Rebell - iPhone 17 (feat. Moé),14388306,131
Nimo - Wie Falco,14258233,132
Katy Perry - Chained To The Rhythm,14134475,133
G-Eazy - Good Life (with G-Eazy & Kehlani),13870989,134
RAF Camora - Andere Liga,13678903,135
Martin Solveig - All Stars,13671719,136
Bonez MC - Palmen aus Gold,13594600,137
Drake - Passionfruit,13525059,138
Danny Ocean - Me Rehúso,13338359,139
OneRepublic - No Vacancy,13250861,140
Welshly Arms - Legendary,12841134,141
Kontra K - Soldaten 2.0,12718624,142
Eminem - Lose Yourself - Soundtrack Version,12646645,143
Demi Lovato - Sorry Not Sorry,12597970,144
Linkin Park - Heavy (feat. Kiiara),12479105,145
RAF Camora - Alles probiert,12440384,146
Bonez MC - Mörder,12366759,147
Ali Bumaye - Sex ohne Grund,12365195,148
Nico Santos - Rooftop,12268735,149
Bruno Mars - That's What I Like,12108870,150
Robin Schulz - I Believe I'm Fine,12080859,151
SXTN - Von Party zu Party,11900060,152
Jason Derulo - If I'm Lucky,11744396,153
Amanda - Blau,11627635,154
Dardan - Telefon,11626495,155
Felix Jaehn - Feel Good,11361874,156
The Chainsmokers - Don't Let Me Down,11327822,157
DJ Snake - Let Me Love You,11247856,158
Alessia Cara - Scars To Your Beautiful,11226932,159
Khalid - Young Dumb & Broke,11046062,160
Petit Biscuit - Sunset Lover,10938665,161
Alok - Hear Me Now,10886720,162
Kontra K - Mehr als ein Job,10816667,163
Miley Cyrus - Malibu,10664678,164
Lorde - Green Light,10649621,165
Bushido - Papa,10488529,166
Sia - Never Give Up,10480366,167
Big Shaq - Man's Not Hot,10457282,168
"Alessia Cara - How Far I'll Go - From ""Moana""",10427617,169
Lil Pump - Gucci Gang,10394638,170
Harry Styles - Sign of the Times,10383230,171
Maroon 5 - Cold,10374849,172
Gzuz - 10 Jahre,10268497,173
Linkin Park - In The End,10248369,174
Dimitri Vegas & Like Mike - Complicated (feat. Kiiara),10195099,175
Mariah Carey - All I Want for Christmas Is You,10190303,176
Martin Solveig - Places,10105931,177
Adel Tawil - Ist da jemand,9910709,178
The Weeknd - I Feel It Coming,9865753,179
Kollegah - Gamechanger,9862895,180
Niall Horan - Slow Hands,9812807,181
Kollegah - Sturmmaske Auf [Intro],9724742,182
Milky Chance - Cocoon,9711157,183
Trettmann - Gottseidank,9668451,184
Eminem - 'Till I Collapse,9659981,185
Alan Walker - Tired,9581114,186
Kontra K - Diamanten,9472083,187
Sam Smith - Too Good At Goodbyes,9301125,188
AK Ausserkontrolle - Jim Beam & Voddi,9289662,189
Capital Bra - Na Na Na,9264649,190
Dimitri Vegas & Like Mike - Hey Baby,9260553,191
Eminem - River (feat. Ed Sheeran),9221581,192
Sigala - Came Here for Love,9193465,193
Adel Tawil - Bis hier und noch weiter,9165857,194
Shawn Mendes - Mercy,9139656,195
Regi - Should Have Been There,9120260,196
G-Eazy - Him & I (with Halsey),9106153,197
Luciano - Jäger,9044389,198
Shawn Mendes - Treat You Better,8892489,199
Ufo361 - Der Pate,8823861,200
Selena Gomez - Bad Liar,8797533,201
Jax Jones - Instruction (feat. Demi Lovato & Stefflon Don),8732963,202
Rag'n'Bone Man - Human,8616215,203
Mike Perry - The Ocean,8564622,204
Chris Brown - Questions,8563677,205
Wham! - Last Christmas,8545828,206
OneRepublic - Rich Love (with Seeb),8464488,207
Rae Sremmurd - Black Beatles,8423435,208
Mert - Ajajaj,8411401,209
Louis Tomlinson - Back to You (feat. Bebe Rexha & Digital Farm Animals),8379742,210
Capo - Mon Chéri,8340764,211
Wincent Weiss - Feuerwerk,8334280,212
Celo & Abdi - Rhythm n' Flouz,8328366,213
Migos - Bad and Boujee (feat. Lil Uzi Vert),8292474,214
Capo - Komm wir chillen (feat. Yonii & Bausa) - Bonustrack,8266416,215
David Guetta - Would I Lie To You - Radio Edit,8264111,216
21 Savage - Bank Account,8215570,217
Azzi Memo - AMG2,8061992,218
Beginner - Ahnma,8059813,219
"Hailee Steinfeld - Let Me Go (with Alesso, Florida Georgia Line & watt)",7886064,220
Helene Fischer - Herzbeben,7873610,221
Ed Sheeran - Happier,7851239,222
John Legend - Love Me Now,7824758,223
Sam Smith - Too Good At Goodbyes - Edit,7811772,224
Twenty One Pilots - Heathens,7801781,225
Charlie Puth - How Long,7759226,226
Cro - unendlichkeit - Main Edit,7678879,227
Major Lazer - Cold Water (feat. Justin Bieber & MØ),7602205,228
Prinz Pi - Letzte Liebe,7584684,229
Veysel - Yakuza,7580336,230
Olivia Holt - History,7542103,231
Hailee Steinfeld - Starving,7540373,232
Kollegah - Ave Maria,7529520,233
Bonez MC - Glaub mir,7504632,234
Calvin Harris - My Way,7503272,235
Travis Scott - Butterfly Effect,7477216,236
SXTN - Bongzimmer,7443595,237
Flo Rida - Cake,7425687,238
Drake - Fake Love,7421426,239
RAF Camora - Sag Nix,7405567,240
Jonas Blue - By Your Side,7399148,241
Bonez MC - Atramis,7393770,242
Luciano - Vorankommen,7363987,243
Halsey - Now Or Never,7361244,244
Miami Yacine - Montpellier,7303011,245
Jason Derulo - Tip Toe (feat. French Montana),7211285,246
PA Sports - Sie will,7162710,247
ALMA - Dye My Hair,7139004,248
Bonez MC - Skandale,7135074,249
Veysel - Bargeld,7127746,250
Maroon 5 - Don't Wanna Know,7080930,251
Felix Jaehn - Bonfire,7077038,252
Post Malone - I Fall Apart,7016659,253
Zuna - Cazal,6960273,254
Zuna - Kartell (feat. Azet & Nash),6932489,255
Marteria - Das Geld muss weg,6917596,256
Nevada - The Mack,6896127,257
Axwell /\ Ingrosso - I Love You,6851784,258
Kendrick Lamar - DNA.,6789166,259
Ufo361 - Für die Gang,6753682,260
Luciano - Hawaii,6731115,261
Linkin Park - Numb,6721686,262
Martin Garrix - In the Name of Love,6552528,263
Machine Gun Kelly - Bad Things (with Camila Cabello),6524711,264
Zara Larsson - I Would Like,6494940,265
Bag Raiders - Shooting Stars,6461343,266
Galantis - Love On Me,6411196,267
Sa4 - Schnell machen,6409458,268
KYLE - iSpy (feat. Lil Yachty),6371657,269
SDP - So schön kaputt,6241680,270
Jazn - Bombay,6181859,271
Snakehips - Don't Leave,6142604,272
Mark Forster - Kogong,6141053,273
Ed Sheeran - Perfect Duet (Ed Sheeran & Beyoncé),6131528,274
Zuna - Baby,6121521,275
Hailee Steinfeld - Most Girls,6040112,276
Oasis - Wonderwall - Remastered,6002788,277
Bebe Rexha - I Got You,5979743,278
Rita Ora - Anywhere,5960174,279
Azet - Zigarren Havanna - KMN Street EP.2,5958547,280
187 Strassenbande - High Life,5907310,281
Alan Walker - Faded,5847902,282
Chris Rea - Driving Home For Christmas,5845133,283
Luis Fonsi - Échame La Culpa,5827653,284
"Lil Wayne - Sucker For Pain (with Wiz Khalifa, Imagine Dragons, Logic & Ty Dolla $ign feat. X Ambassadors)",5824177,285
Capo - Alles auf Rot,5784895,286
Katy Perry - Swish Swish,5755134,287
Major Lazer - Light It Up (feat. Nyla & Fuse ODG) - Remix,5748433,288
Melanie Thornton - Wonderful Dream (Holidays Are Coming) - Radio Version,5685651,289
Papa Roach - Last Resort,5638554,290
Sia - Cheap Thrills,5628951,291
Lady Gaga - The Cure,5590550,292
Desiigner - Panda,5586366,293
187 Strassenbande - Sitzheizung,5560069,294
Selena Gomez - Fetish (feat. Gucci Mane),5518707,295
Mura Masa - Love$ick,5486962,296
Ofenbach - Katchi (Ofenbach vs. Nick Waterhouse),5418835,297
RIN - Blackout,5393381,298
Kiiara - Whippin (feat. Felix Snow),5363488,299
Cheat Codes - Sex,5343363,300
Azzi Memo - Heb ab,5335767,301
Shakin' Stevens - Merry Christmas Everyone - Remastered,5297573,302
Eminem - Walk On Water (feat. Beyoncé),5286155,303
J Balvin - Mi Gente (feat. Beyoncé),5198411,304
Jax Jones - Instruction,5197667,305
RAF Camora - Gotham City,5128887,306
Bushido - Sodom und Gomorrha,5110738,307
Kontra K - Plem Plem (feat. Raf Camora & Bonez MC),5107365,308
Marteria - Aliens,5072457,309
Khalid - Location,5056708,310
Rihanna - Love On The Brain,5040720,311
Kollegah - Es wird Zeit,5030916,312
Gentleman - Ovaload,5030774,313
Little Mix - Touch,4993306,314
Veysel - Besser als 50 Cent,4936828,315
Kollegah - Rap wieder Rap,4908332,316
Capo - Mainhattan City Gang,4852894,317
Drake - Signs,4821890,318
Ariana Grande - Side To Side,4815536,319
Miami Yacine - Rotterdam,4806515,320
Clean Bandit - I Miss You (feat. Julia Michaels),4762254,321
Ed Sheeran - New Man,4759665,322
Bebe Rexha - Meant to Be (feat. Florida Georgia Line),4725860,323
KC Rebell - Voll mein Ding (feat. Adel Tawil),4671943,324
Mosh36 - Check ich nicht,4663097,325
Martin Garrix - So Far Away,4640157,326
Katja Krasavice - Doggy,4571947,327
Kungs - This Girl (Kungs Vs. Cookin' On 3 Burners) - Kungs Vs. Cookin' On 3 Burners,4563070,328
Bruno Mars - 24K Magic,4540689,329
Maluma - Felices los 4,4509926,330
John Lennon - Happy Xmas (War Is Over) - 2010 Digital Remaster,4417819,331
Savas - Neue Welt,4391717,332
Mike Posner - I Took A Pill In Ibiza - Seeb Remix,4380862,333
187 Strassenbande - 100er Batzen,4373130,334
Paul McCartney - Wonderful Christmastime - Remastered 2011 / Edited Version,4362484,335
Ed Sheeran - What Do I Know?,4343121,336
Marian Hill - Down,4308711,337
Capital Bra - Es geht ums Geschäft,4261299,338
Michael Bublé - It's Beginning To Look A Lot Like Christmas,4233320,339
"RAF Camora - Bye, Bye",4228885,340
Ed Sheeran - Dive,4203004,341
Capital Bra - Ghetto Massari,4197978,342
Ariana Grande - Santa Tell Me,4195271,343
Bushido - Gehen wir rein,4178466,344
Azet - Gjynah,4161759,345
Bakermat - Don't Want You Back,4158992,346
"Machine Gun Kelly - Home (with Machine Gun Kelly, X Ambassadors & Bebe Rexha)",4138429,347
Pentatonix - Hallelujah,4124712,348
RHODES - Your Soul (Holding On),4108057,349
Cardi B - Bodak Yellow,4088501,350
Sunrise Avenue - I Help You Hate Me,4088445,351
Miami Yacine - Großstadtdschungel,4085811,352
Future - Selfish,4082803,353
Capital Bra - KUKU SLS,4078130,354
Big Sean - Bounce Back,4067794,355
Azet - Patte fließt,4036682,356
Twenty One Pilots - Stressed Out,4031760,357
Veysel - Bam Bam,4014697,358
Die Toten Hosen - Wannsee,3965896,359
Kollegah - Sturmmaske auf (Intro),3932656,360
"Lorde - Homemade Dynamite (Feat. Khalid, Post Malone & SZA) - REMIX",3928906,361
Queen - Thank God It's Christmas - Non-Album Single,3848350,362
Trailerpark - Bleib in der Schule,3843629,363
Kato - Show You Love,3838054,364
Disturbed - The Sound Of Silence,3835996,365
Mahmut Orhan - Feel - Radio Edit,3807291,366
RAF Camora - Waffen,3803409,367
G-Eazy - No Limit,3779177,368
Skrillex - Would You Ever,3735838,369
Niall Horan - Too Much To Ask,3730127,370
Ed Sheeran - Supermarket Flowers,3726792,371
SXTN - Fotzen im Club,3715006,372
Alan Walker - The Spectre,3714415,373
A R I Z O N A - I Was Wrong - Robin Schulz Remix,3705979,374
Kollegah - Studiogangster,3655903,375
Kollegah - Jung Brutal Gutaussehend 2017,3627515,376
Azet - Fast Life,3603737,377
Capital Bra - Zweistellige Haftstrafen,3583147,378
Ufo361 - Tiffany,3570634,379
Daryl Hall & John Oates - Jingle Bell Rock from Daryl,3534510,380
Maxwell - Spielplatz,3486042,381
Sa4 - Allstars,3474602,382
James Hype - More Than Friends,3471688,383
Ed Sheeran - How Would You Feel (Paean),3471328,384
Max Giesinger - Wenn sie tanzt,3451417,385
Sia - The Greatest,3434428,386
The Chainsmokers - The One,3396710,387
XXXTENTACION - Jocelyn Flores,3379656,388
Anne-Marie - Alarm,3371742,389
Taylor Swift - ...Ready For It?,3368262,390
Fitz and The Tantrums - HandClap,3365604,391
Nause - Dynamite (feat. Pretty Sister),3350918,392
Ed Sheeran - Eraser,3336365,393
Ed Sheeran - Barcelona,3326177,394
Zuna - Real Madrid,3318711,395
Marteria - El Presidente,3286082,396
NEIKED - Sexual,3285650,397
Imany - Don't Be So Shy - Filatov & Karas Remix,3271487,398
Ed Sheeran - Nancy Mulligan,3258269,399
"Justin Timberlake - CAN'T STOP THE FEELING! (Original Song from DreamWorks Animation's ""TROLLS"")",3245975,400
Kollegah - Düsseldorfer,3223180,401
Adele - Water Under the Bridge,3216255,402
Mert - Liebe heißt,3188859,403
DJ Snake - A Different Way (with Lauv),3182699,404
Kollegah - Wenn der Gegner am Boden liegt,3171078,405
187 Strassenbande - Lächeln,3166406,406
Nico Santos - Goodbye To Love,3138145,407
Fifth Harmony - Work from Home,3112703,408
Macklemore - Good Old Days (feat. Kesha),3109920,409
James Arthur - Naked,3102153,410
A R I Z O N A - Oceans Away,3093177,411
Lil' Kleine - Stoff und Schnaps,3081280,412
Katy Perry - Bon appétit,3075668,413
RAF Camora - Roots,3066531,414
Post Malone - Candy Paint,3056979,415
Eminem - Without Me,3044403,416
Offset - Ric Flair Drip (& Metro Boomin),3037263,417
KC Rebell - Outta Control (feat. Hamza),3020904,418
Azet - Qa bone,3002049,419
Bryan Adams - Christmas Time,2982098,420
The Chainsmokers - All We Know,2981704,421
Trettmann - Grauer Beton,2961315,422
257ers - Holland,2950938,423
Nicky Jam - El Amante,2950812,424
Britney Spears - My Only Wish (This Year),2950345,425
Trailerpark - Sterben kannst du überall,2949252,426
Lorde - Homemade Dynamite - REMIX,2948754,427
Kollegah - Jagdsaison,2932378,428
Calvin Harris - Rollin,2923751,429
Ed Sheeran - Photograph,2884534,430
Zuna - Original,2868003,431
RIN - Doverstreet,2861702,432
Topic - Break My Habits,2849728,433
Bushido - Moonwalk,2844681,434
Alan Walker - All Falls Down,2827020,435
Drake - Portland,2817564,436
Mert - Boxerschnitt,2808547,437
Band Aid 30 - Do They Know It's Christmas? - 2014,2797602,438
Shawn Hook - Reminding Me,2787465,439
Ufo361 - Scheiß auf eure Party,2785670,440
257ers - Holz,2777982,441
Ufo361 - 1 Schuss,2773721,442
Mert - Groupie,2761314,443
Lost Frequencies - What Is Love 2016,2735357,444
187 Strassenbande - 30er Zone,2714462,445
MØ - Final Song,2710499,446
Savas - Royal Bunker,2697563,447
Bushido - Echte Berliner,2680480,448
Miami Yacine - Daytona,2669894,449
187 Strassenbande - 24/7,2651675,450
FRENSHIP - Capsize,2645780,451
Kollegah - Frontload,2601280,452
187 Strassenbande - Was ist passiert?!,2598350,453
Childish Gambino - Redbone,2595538,454
Luciano - Jagen die Mio,2594218,455
Nash - Grande,2576865,456
James Hersey - Miss You,2572732,457
Bausa - Baron,2570649,458
José Feliciano - Feliz Navidad,2570487,459
Band Aid - Do They Know It's Christmas? - 1984 Version,2561895,460
David Guetta - Dirty Sexy Money (feat. Charli XCX & French Montana),2557070,461
Michael Bublé - White Christmas (Duet With Shania Twain),2551398,462
Hearts & Colors - Lighthouse - Andrelli Remix,2532287,463
SRTW - Whispering Still (feat. Charity Children) - Little Rose Remix,2520338,464
Kollegah - Eines Tages,2513936,465
Kelly Clarkson - Underneath the Tree,2511316,466
Andy Grammer - Fresh Eyes,2507127,467
Sarah Connor - The Best Side Of Life,2495093,468
Luciano - Flex,2478982,469
187 Strassenbande - Zeit ist Geld,2478704,470
Kontra K - Gift (feat. BTNG & AK Ausser Kontrolle),2472737,471
Maxwell - 100k,2467732,472
Bushido - Black Friday,2459925,473
Olexesh - MOB,2455500,474
Twenty One Pilots - Ride,2436453,475
Kurdo - Desert Eagle,2434490,476
Mike Singer - Deja Vu,2411910,477
KC Rebell - Erdbeerwoche (feat. Elias),2404225,478
Ed Sheeran - Hearts Don't Break Around Here,2390457,479
187 Strassenbande - Meine Message,2377844,480
"Ingo ohne Flamingo - Saufen morgens, mittags, abends",2361737,481
Maxwell - Stress mit mir,2329466,482
"*NSYNC - Merry Christmas, Happy Holidays",2324093,483
Coldplay - Christmas Lights,2321093,484
Bonez MC - Großes Kaliber,2315624,485
Kollegah - Die letzte Gangsterrapcrew,2314909,486
Kianush - Chill mal dein Leben (feat. Moe Phoenix),2271160,487
Meghan Trainor - I'll Be Home,2268206,488
Stanaj - Romantic - NOTD Remix,2252325,489
187 Strassenbande - Ballermann,2238236,490
Kollegah - Massephase,2229376,491
Calum Scott - Dancing On My Own,2226619,492
Zedd - Get Low (with Liam Payne),2224130,493
Lord Huron - The Night We Met,2222086,494
KC Rebell - Tabasco,2164619,495
Andreas Gabalier - Hulapalu,2144085,496
Pitbull - Hey Ma (with Pitbull & J Balvin feat. Camila Cabello) - Spanish Version,2141827,497
Kendrick Lamar - LOYALTY. FEAT. RIHANNA.,2132171,498
Kollegah - Warlordz,2118206,499
Trettmann - GottSeiDank,2111230,500
KALIM - 38,2111083,501
"Wale - My Love (feat. Major Lazer, WizKid, Dua Lipa)",2090114,502
ZAYN - Still Got Time,2086586,503
Migos - MotorSport,2082067,504
Rudimental - Sun Comes Up,2077834,505
Metrickz - WEIHRAUCH,2066107,506
Nimo - Michelangelo,2064839,507
Luciano - Gauner in Lacoste,2051619,508
Ed Sheeran - I See Fire,2039956,509
187 Strassenbande - Intro,2031251,510
Lena - Lost In You,2028983,511
Kollegah - In jeder deutschen Großstadt,2028897,512
Hitimpulse - I'm in Love with the Coco,2021897,513
Ed Sheeran - Bibia Be Ye Ye,2020156,514
Jane XØ - Love Me,2014429,515
Beginner - Meine Posse,2013277,516
Dante Klein - Let Me Hold You (Turn Me On),2004992,517
Drake - Blem,2000259,518
Cro - tru,1985875,519
JAY Z - Numb / Encore,1979976,520
Sia - Move Your Body - Alan Walker Remix,1940420,521
Katy Perry - Bon Appétit,1889281,522
Ed Sheeran - Thinking Out Loud,1872202,523
Zara Larsson - Ain't My Fault,1865446,524
187 Strassenbande - 10 Dinger,1854790,525
Kollegah - Älter brutaler skrupelloser (Outro),1842307,526
Sa4 - Rush Hour,1837346,527
Sam Smith - Have Yourself A Merry Little Christmas,1822451,528
The Weeknd - Party Monster,1800211,529
Casper - Keine Angst,1786152,530
"G-Eazy - Me, Myself & I",1771611,531
Ed Sheeran - Save Myself,1754674,532
Travis Scott - goosebumps,1749704,533
Isaiah - It's Gotta Be You,1742091,534
Kollegah - Einer von Millionen (feat. Motrip),1735127,535
Hanybal - Vanilla Sky,1727963,536
PA Sports - Mörder,1709224,537
Stereoact - Nummer Eins,1703046,538
RAF Camora - Anthrazit,1696608,539
Miley Cyrus - Rockin' Around The Christmas Tree - Recorded at Spotify Studios NYC,1683710,540
Capital Bra - Ala'ba'ba,1676910,541
187 Strassenbande - International,1645307,542
"gnash - i hate u, i love u (feat. olivia o'brien)",1633702,543
Gwen Stefani - You Make It Feel Like Christmas (feat. Blake Shelton),1629554,544
Justin Bieber - Love Yourself,1628954,545
Kesha - Praying,1609367,546
Laruzo - 247,1606970,547
Linkin Park - What I've Done,1606537,548
Joshi Mizu - Chardonnay,1605850,549
RIN - Nightlife,1591176,550
Eno - Massari,1589534,551
Macklemore - Marmalade (feat. Lil Yachty),1577123,552
Eminem - Believe,1572986,553
Kollegah - Legacy,1563937,554
Justin Bieber - Sorry,1560524,555
KC Rebell - Maximum,1551728,556
Noah Cyrus - Make Me (Cry),1528589,557
Drake - Get It Together,1526732,558
A$AP Ferg - Plain Jane,1521309,559
Marteria - Scotty beam mich hoch,1514874,560
Kendrick Lamar - LOVE. FEAT. ZACARI.,1510524,561
Eagles - Please Come Home For Christmas - Bonus Track,1507529,562
Sia - Santa's Coming For Us,1481594,563
LEA - Leiser,1479899,564
Bushido - Oma Lise,1471450,565
Majoe - Sidechick,1468889,566
Capital Bra - Das Leben ist so,1463641,567
Luciano - Die Straße ein Teil,1452412,568
Kendrick Lamar - ELEMENT.,1451649,569
Lorenz Büffel - Johnny Däpp,1447322,570
Whethan - Savage (feat. Flux Pavilion & MAX),1447061,571
OneRepublic - Let's Hurt Tonight,1446355,572
Sunstroke Project - Hey Mamma - Radio Edit,1443705,573
Frankie Goes To Hollywood - The Power of Love,1438701,574
Jonas Blue - Perfect Strangers,1438066,575
187 Strassenbande - Mit Absicht,1434777,576
Michael Patrick Kelly - iD,1419245,577
Drake - Too Good,1409402,578
Thirty Seconds To Mars - Walk On Water,1403344,579
Macklemore & Ryan Lewis - Can't Hold Us - feat. Ray Dalton,1402399,580
Kontra K - Erfolg ist kein Glück,1368482,581
San Holo - Light,1363788,582
Capital Bra - Wer hoch fliegt fällt tief,1363739,583
Lena - If I Wasn't Your Daughter - Acoustic Version,1361674,584
Ali As - Von den fernen Bergen (feat. SXTN),1361427,585
Kanye West - Stronger,1358319,586
"Sia - Helium - From ""Fifty Shades Darker (Original Motion Picture Soundtrack)""",1357368,587
Capital Bra - Paff Paff weiter 2,1344217,588
Trettmann - Billie Holiday,1343578,589
Kraftklub - Dein Lied,1338739,590
Yvonne Catterfeld - Irgendwas (feat. Bengio),1324703,591
Bushido - CCNDNA,1322928,592
Natasha Bedingfield - Shake up Christmas 2011 (Official Coca-Cola Christmas Song),1311662,593
Wincent Weiss - Musik sein,1288657,594
Linkin Park - One More Light,1280090,595
Stargate - Waterfall,1273316,596
Kollegah - One Night Stand,1267445,597
Kylie Minogue - Santa Baby,1265309,598
Mike Perry - Inside the Lines,1262721,599
Hanybal - Fick dich,1259574,600
Avicii - What Would I Change It To (feat. AlunaGeorge),1250507,601
Jonas Blue - Fast Car,1248301,602
Bonez MC - Lebenslauf,1243410,603
Rod Stewart - Santa Claus Is Coming To Town,1228521,604
Zay Hilfigerrr - Juju On That Beat (TZ Anthem),1228355,605
Cro - todas,1227783,606
Galantis - No Money,1224777,607
RAF Camora - Entertainment,1220782,608
Bausa - FML,1214860,609
Julia Michaels - Uh Huh,1213601,610
Celo & Abdi - Kein Rückwärtsgang,1212745,611
Savas - Normale Leute,1207001,612
Elton John - Step Into Christmas,1205697,613
Cash Cash - All My Love (feat. Conor Maynard),1205048,614
21 Savage - Ghostface Killers,1201725,615
Hurts - All I Want for Christmas Is New Year's Day,1198846,616
Dynoro - In My Mind,1196341,617
Linkin Park - Good Goodbye (feat. Pusha T and Stormzy),1195192,618
Tom Walker - Leave a Light On,1192026,619
CNCO - Reggaetón Lento (Remix),1182141,620
DVBBS - Not Going Home,1181138,621
DRAM - Broccoli (feat. Lil Yachty),1180530,622
Maxwell - Diese Beiden,1176754,623
Lauv - The Other,1174324,624
Maxwell - Gaspedal,1171940,625
Majoe - Silberner Ferrari (feat. Farid Bang),1163519,626
Jona Lewie - Stop the Cavalry,1149731,627
Avicii - You Be Love (feat. Billy Raffoul),1147749,628
Migos - T-Shirt,1143086,629
Backstreet Boys - Christmas Time,1139922,630
Cliff Richard - Mistletoe and Wine,1136264,631
Rolf Zuckowski - In der Weihnachtsbäckerei,1130846,632
RAF Camora - Augenblick,1121546,633
"Sam Smith - River - Recorded At RAK Studios, London",1121093,634
Ufo361 - James Dean,1114257,635
Vice - Obsession (feat. Jon Bellion),1112444,636
Zuna - Mele 7,1109771,637
Andy Williams - It's the Most Wonderful Time of the Year,1104976,638
"Felix Jaehn - Like A Riddle (feat. Hearts & Colors, Adam Trigger)",1101459,639
KALIM - Tresi,1090478,640
Kontra K - Gute Nacht,1090224,641
Eric Saade - Wide Awake - Red Mix,1084892,642
Luciano - Eiskalt,1083857,643
Bruce Springsteen - Santa Claus Is Comin' to Town - Single Version,1079033,644
Mert - Asozial,1075091,645
Slade - Merry Xmas Everybody,1073287,646
PA Sports - HSHC,1071466,647
Aminé - Caroline,1070352,648
Gucci Mane - I Get The Bag (feat. Migos),1064865,649
RAF Camora - Vienna,1060691,650
Bonez MC - Attackieren,1059095,651
Kollegah - Farid Ben & Friend (JBG3 Disstrack),1058035,652
Luciano - Jeden Tag,1055628,653
Eminem - Remind Me,1055627,654
"Young Thug - Gang Up (with Young Thug, 2 Chainz & Wiz Khalifa feat. PnB Rock)",1051092,655
Dardan - Mister Dardy,1043022,656
Nimo - Let's Go Amina,1042894,657
Charlie Puth - We Don't Talk Anymore (feat. Selena Gomez),1042411,658
RIN - Bass,1039164,659
Jennifer Lopez - Ain't Your Mama,1031633,660
RAF Camora - Verkauft,1026838,661
Bushido - Geschlossene Gesellschaft,1017014,662
Lukas Graham - 7 Years,1009620,663
Bonez MC - Ruhe nach dem Sturm,1004895,664
Capital Bra - Wie alles begann,1004564,665
Ufo361 - Migos,992803,666
David Guetta - Light My Body Up (feat. Nicki Minaj & Lil Wayne),991085,667
Gzuz - Meine Sprache,985950,668
Sam Smith - Pray,972997,669
"Nick Jonas - Bom Bidi Bom - From ""Fifty Shades Darker (Original Motion Picture Soundtrack)""",965199,670
Coldplay - Hymn For The Weekend - Seeb Remix,964664,671
Ufo361 - Luzifer,963228,672
Tiësto - Carry You Home,958902,673
Prinz Pi - Hellrot,948488,674
SpongeBOZZ - Yellow Bar Mitzvah,938476,675
Eartha Kitt - Santa Baby,938186,676
Liam Payne - Bedroom Floor,933893,677
Naaz - Words,932012,678
Axwell /\ Ingrosso - Dreamer,927984,679
Tom Petty and the Heartbreakers - Christmas All Over Again,927153,680
Drake - Gyalchester,922746,681
Drake - Free Smoke,915833,682
Bushido - So Lange,911051,683
Yung Hurn - Ok Cool,910015,684
Martin Solveig - Do It Right,907241,685
Bushido - Switch Stance,907039,686
John Legend - Under the Stars,905910,687
Capital Bra - Kuku187,904503,688
RAF Camora - Turbo,898375,689
Taylor Swift - Gorgeous,891976,690
KC Rebell - Du musst mir geben,887389,691
Yung Hurn - Bianco - Prod. Lex Lugner,886363,692
Eminem - Like Home (feat. Alicia Keys),870584,693
Bushido - Fallout,868931,694
Calvin Harris - This Is What You Came For,866409,695
Alan Walker - Sing Me to Sleep,856074,696
Yung Hurn - GGGut,851911,697
Linkin Park - Battle Symphony,849009,698
Camila Cabello - Never Be the Same,844728,699
Frank Sinatra - Santa Claus Is Comin' to Town,838676,700
Casper - Alles ist erleuchtet,837051,701
Drake - Madiba Riddim,834461,702
Machine Gun Kelly - At My Best (feat. Hailee Steinfeld),829621,703
Capital Bra - BMW Alpina,826391,704
Azad - Conor McGregor,825046,705
Leona Lewis - Winter Wonderland,823088,706
RAF Camora - Money,814405,707
Sultan + Shepard  - Almost Home,812744,708
Cashmere Cat - Quit (feat. Ariana Grande),811321,709
"Dean Martin - Rudolph, the Red-Nosed Reindeer",808122,710
Lana Del Rey - Love,807906,711
Bobby Helms - Jingle Bell Rock,805010,712
Shawn Mendes - Stitches,804034,713
"George Ezra - White Christmas - Spotify Singles - Holiday, Recorded at Air Studios, London",797845,714
Gzuz - CL500,795779,715
Michael Bublé - The More You Give (The More You'll Have),788491,716
Kelly Clarkson - Christmas Eve - Recorded at Spotify Studios NYC,785802,717
Nimo - Hoodi,784934,718
MØ - Nights With You,781399,719
Ellie Goulding - O Holy Night,777790,720
RAF Camora - Donna Imma,777481,721
Wizzard - I Wish It Could Be Christmas Everyday,769257,722
Linkin Park - Talking to Myself,768375,723
Kate Winslet - What If,765361,724
Post Malone - Go Flex,761246,725
Fler - Hype,759651,726
Kendrick Lamar - FEEL.,758503,727
Zuna - Guck Mama,756739,728
Kygo - Kids in Love,755898,729
RAF Camora - Niemals,755513,730
Kollegah - Nero,744771,731
Bakermat - Baby,742956,732
Bilderbuch - Bungalow,742905,733
Miami Yacine - Weil ich muss,741393,734
Little Mix - Shout Out to My Ex,740478,735
Kendrick Lamar - YAH.,739840,736
Lost Frequencies - Crazy,734644,737
Two Feet - Go Fuck Yourself,734192,738
Capital Bra - Bra macht die AK,727635,739
Bushido - Ground Zero,725838,740
RIN - Gamma,724921,741
Eminem - Bad Husband (feat. X Ambassadors),723583,742
RAF Camora - Teflon,722067,743
Azzi Memo - AMG,712433,744
KC Rebell - Kafa Bir Milyon,710552,745
A R I Z O N A - Oceans Away - Sam Feldt Remix,704681,746
SpongeBOZZ - A.C.A.B. II,701958,747
Die drei ??? - 182 - Im Haus des Henkers - Teil 01,701178,748
Kraftklub - Chemie Chemie Ya,700622,749
Capital Bra - Mademoiselle,699875,750
KC Rebell - Salut,699660,751
Gryffin - Feel Good (feat. Daya),697545,752
"Stefanie Kloß - Dezember (aus "" Sing meinen Song - Das Weihnachtskonzert, Vol. 4 "" )",695232,753
Trailerpark - Armut treibt Jugendliche in die Popmusik,694555,754
Drake - Teenage Fever,691460,755
Lana Del Rey - Lust for Life (with The Weeknd),687996,756
Jasmine Thompson - Old Friends - Jonas Blue Remix,687512,757
Backstreet Boys - It's Christmas Time Again,685275,758
Hanson - What Christmas Means To Me,683192,759
Nimo - Hype,676469,760
Kendrick Lamar - XXX. FEAT. U2.,675075,761
Kollegah - 24 Karat (feat. Ali As & Seyed) - Remix,674534,762
Kianush - Hütte im Wald (feat. PA Sports),671481,763
Eminem - Untouchable,670987,764
Sido - Masafaka,670464,765
Casper - Sirenen - Full Version,668600,766
Savas - Jedes Wort ist Gold wert,665032,767
Charlie Cunningham - Minimum,662931,768
Zuna - Dale,654765,769
Ufo361 - Mister T,654269,770
Kendrick Lamar - PRIDE.,653391,771
Cardi B - Bartier Cardi (feat. 21 Savage),653063,772
Philipp Poisel - Erkläre mir die Liebe,651814,773
Drake - No Long Talk,651507,774
Veysel - Gib ab,651244,775
Jala Brat - Nema bolje,647038,776
Kollegah - Die JBG3 Weihnachtsgeschichte,644137,777
Antilopen Gang - Pizza,643864,778
Maxwell - Es Rollt,642078,779
Boney M. - Mary's Boy Child / Oh My Lord,635076,780
Perry Como - It's Beginning to Look a Lot Like Christmas,633064,781
KC Rebell - Pics wie ein Fan,632546,782
Sarah Connor - Christmas In My Heart,629261,783
P!nk - Beautiful Trauma,628195,784
Capital Bra - Richtung Para,628041,785
Luciano - Berlin Favela,627442,786
Bushido - Angst,627434,787
Alle Farben - Please Tell Rosie,625132,788
Kay One - Senorita (feat. Pietro Lombardi),616501,789
Zuna - Czech Republic,615156,790
The Ronettes - Sleigh Ride,614173,791
Alligatoah - Du bist schön,613114,792
Mykola Dmytrovych Leontovych - Carol of the Bells,611618,793
Lionel Richie - Joy To The World,609346,794
Zuna - Ghetto,604691,795
Kodak Black - Tunnel Vision,601999,796
Kelly Clarkson - Christmas Eve,601894,797
Bibi H. - How It Is (Wap Bap...),600061,798
Kurdo - Nachtaktiv,599891,799
Stereoact - Die Immer Lacht - Radio 2016 Mix,598678,800
Motrip - So wie du bist,596914,801
Robin Schulz - Heatwave (feat. Akon),593870,802
Savas - Haste nich gesehen,590423,803
Eminem - Tragic Endings (feat. Skylar Grey),588941,804
Zuna - Viertel,588875,805
RIN - Aretha Franklin Freestyle,587088,806
Brenda Lee - Rockin' Around The Christmas Tree - Rerecorded Version,585774,807
Cashmere Cat - Trust Nobody (feat. Selena Gomez & Tory Lanez),577852,808
Sa4 - Krokodil,573979,809
Kendrick Lamar - LUST.,571022,810
Prinz Pi - Das Original,570938,811
Cro - Baum,568103,812
Nimo - LFR - Remix,567608,813
Kontra K - 2 Seelen,566636,814
Zara Larsson - Lush Life,566317,815
Lost Frequencies - All Or Nothing,564853,816
Fler - Tag Eins,564167,817
Eminem - Chloraseptic (feat. Phresher),563843,818
Casper - Lass sie gehen,560649,819
Kraftklub - Fenster,556835,820
Martin Jensen - Wait,555818,821
Savas - Wenn ich oben bin,553349,822
OneRepublic - Christmas Without You,553060,823
Trettmann - Nur noch einen,551633,824
RAF Camora - In meiner Wolke,548532,825
Trettmann - Fast Forward,546821,826
Seeb - What Do You Love,539852,827
Jax Jones - Breathe,538324,828
Metrickz - FOOTPRINTS,534675,829
Luciano - Geh meinen Weg,534213,830
KC Rebell - Ich brauch Dich,533546,831
"Major Lazer - Boom (feat. MOTi, TY Dolla $ign, Wizkid & Kranium)",532139,832
RAF Camora - Luft,532014,833
The Chainsmokers - Setting Fires,530479,834
Eminem - Nowhere Fast (feat. Kehlani),529172,835
Neele Ternes - Dad - #heimkommen,528782,836
Izzy Bizu - Talking to You,523678,837
Die Toten Hosen - Unter den Wolken,521105,838
Nimo - Veni Vidi Siktim,518420,839
Ronan Keating - It's Only Christmas,515662,840
Majoe - Stresserblick 2 (feat. Kurdo),514735,841
Conni - Conni wird 3,509261,842
Demi Lovato - Tell Me You Love Me,507635,843
Capital Bra - Was 2 hol 10,507212,844
Linkin Park - Bleed It Out,506103,845
Drake - 4422,505399,846
Eminem - Revival (Interlude),503188,847
Capital Bra - Intro,503017,848
KREAM - Taped Up Heart (feat. Clara Mae),502308,849
Matoma - Party On The West Coast (feat. Snoop Dogg),499332,850
Zuna - Volles Magazin,496917,851
Ufo361 - 1000 Bitches,495686,852
The Drifters - White Christmas,493968,853
Kraftklub - Sklave,493595,854
Zara Larsson - So Good,491911,855
Savas - Freund/Feind,490389,856
Savas - Unterschied,489418,857
Trailerpark - Endlich normale Leute,489088,858
Capital Bra - Die Echten,487632,859
Ruth B. - Lost Boy,485766,860
Astrid S - Breathe,485725,861
Majoe - Narben (feat. MoTrip),484540,862
Zuna - KMN,481901,863
RAF Camora - Realität,477491,864
Eminem - In Your Head,476446,865
Luciano - Loco Soldato,473608,866
ALMA - Phases,472759,867
Sigala - Only One - Radio Edit,470336,868
Savas - Hall Of Fame,469372,869
Tove Lo - Cool Girl,469280,870
Drake - Jorja Interlude,468032,871
Linkin Park - One Step Closer,466942,872
Frank Sinatra - Jingle Bells - 1999 - Remaster,466495,873
Kollegah - American Express (feat. Farid Bang),464827,874
Anita Kerr Singers - Jingle Bell Rock,464240,875
"Maxwell - Gezogen, Gezielt, Geschossen, Getroffen!",460143,876
Calum Scott - Dancing On My Own - Tiësto Remix,457312,877
Anitta - Downtown,453179,878
Bruno Mars - Finesse (Remix) [feat. Cardi B],452210,879
Linkin Park - Crawling,449590,880
Linkin Park - Invisible,448174,881
Marteria - Tauchstation,444010,882
Majoe - Aus Hatern werden Fans,443778,883
XXXTENTACION - Fuck Love (feat. Trippie Redd),438014,884
Imagine Dragons - Walking The Wire,437525,885
State of Sound - Wake Up Where You Are,434473,886
KC Rebell - Focus (feat. Hamza),433900,887
257ers - Holz - Weihnachtslied,431271,888
RIN - Vagabundo,428702,889
Drake - KMT,426278,890
Lil Uzi Vert - The Way Life Goes (feat. Oh Wonder),424818,891
Casper - Lang lebe der Tod,424090,892
Maluma - Corazón,421268,893
Helene Fischer - Nur mit Dir,420278,894
Luciano - Packets immer noch,418594,895
Linkin Park - Nobody Can Save Me,418268,896
KC Rebell - Paper,417302,897
Celo & Abdi - Rillé,417148,898
Eminem - Framed,416158,899
Ufo361 - 110,415644,900
Savas - Keene Probleme,414641,901
Drake - Sacrifices,413470,902
Big Sean - No Favors,412585,903
Yonii - Ziel Halal,411794,904
RIN - Dizzee Rascal Type Beat,409065,905
Eminem - Heat,406073,906
Bonez MC - Ciao Ciao,404972,907
Capital Bra - Nix zu reden,396476,908
RAF Camora - Was jetzt,394129,909
LX - Wieder vereint,392189,910
Justin Timberlake - Filthy,387430,911
Eminem - Castle,385212,912
Amy Macdonald - This Christmas Day,381707,913
Kurdo - Rolling Stone,380665,914
Lil Peep - Benz Truck - гелик,380097,915
Kendrick Lamar - BLOOD.,379868,916
Frank Sinatra - Let It Snow! Let It Snow! Let It Snow!,379707,917
KC Rebell - Magnum - Bonustrack,379280,918
Ufo361 - Wer,378082,919
The xx - On Hold,377371,920
Capo - Napoli,376753,921
Ufo361 - Du weißt wo ich wohn,375776,922
Kendrick Lamar - All The Stars (with SZA),373074,923
Burl Ives - A Holly Jolly Christmas - Single Version,372284,924
Eminem - Need Me (feat. Pink),371934,925
John Travolta - Baby It's Cold Outside,370924,926
Eminem - Offended,370194,927
Kungs - I Feel So Bad,368987,928
Anstandslos & Durchgeknallt - Ohne Dich - Radio Version,366589,929
Gryffin - Whole Heart,365094,930
Milky Chance - Blossom,363499,931
Savas - Haie,362894,932
The xx - Say Something Loving,360806,933
Kendrick Lamar - FEAR.,360256,934
"Casper - Flackern, flimmern",359214,935
RIN - Colette,358872,936
The Chainsmokers - Bloodstream,358635,937
Casper - Meine Kündigung,358535,938
SpongeBOZZ - Rhythm Is a Gangster,358467,939
Kontra K - Power,358032,940
Linkin Park - Faint,357935,941
Capo - Matador (feat. Tommy),357252,942
Cro - forrest gump,357139,943
Miami Yacine - Zigarrendunst,356555,944
Lil Peep - Save That Shit,356143,945
Casper - Morgellon,354858,946
RIN - Sag mir wenn du high bist,354489,947
Luciano - 2 Gesichter,352699,948
Imagine Dragons - I Don’t Know Why,351781,949
Capital Bra - Alle meine Jungs,351452,950
Ayo & Teo - Rolex,350975,951
Bonez MC - Erblindet,349931,952
Liam Payne - For You (Fifty Shades Freed),349676,953
Marteria - Roswell,349496,954
Cro - noch da,347722,955
Darlene Love - Christmas (Baby Please Come Home),345060,956
Luciano - Gillette,344921,957
John Gibbons - P.Y.T. (Pretty Young Thing),344731,958
Capo - Mond,341922,959
KC Rebell - So vieles noch vor - Bonustrack,341093,960
Miami Yacine - Casia,340601,961
Casper - Wo die wilden Maden graben,339845,962
Linkin Park - BURN IT DOWN,338406,963
U2 - Christmas (Baby Please Come Home),337933,964
Marteria - Blue Marlin,336629,965
DCVDNS - Neuer alter Savas,335962,966
AK Ausserkontrolle - A.S.S.N.,333930,967
The Pretenders - Have Yourself A Merry Little Christmas,333618,968
Mert - Like geile Bitches,331566,969
KC Rebell - Kontrolle verloren - Bonustrack,331565,970
Ufo361 - Kein Anlass,330841,971
Fard - Die Besten sterben jung,330087,972
Trailerpark - Poo Fighters,329515,973
Savas - Meine Pflicht,328476,974
TJ_beastboy - Modus,326054,975
Macklemore - Ain't Gonna Die Tonight (feat. Eric Nally),325664,976
Maxwell - Action,323850,977
Cro - kapitel 1,323167,978
Tom Odell - Real Love,323000,979
Michael Bublé - Holly Jolly Christmas,321969,980
Maxwell - Stadion Voll,321549,981
PA Sports - Headbanger,321304,982
Lil Peep - Awful Things,321049,983
Maxwell - Fressen und Gefressen werden,320319,984
Marteria - Cadillac,320217,985
Rihanna - Work,320147,986
Capital Bra - 300 Grad,319654,987
Drake - Skepta Interlude,316431,988
DNCE - Cake By The Ocean,315861,989
Trailerpark - Arbeitskollegen,313927,990
Calvin Harris - Heatstroke,312763,991
Karel Svoboda - Drei Haselnüsse für Aschenbrödel: Einleitung,311397,992
Ufo361 - Wann wenn nicht jetzt,311277,993
Maxwell - Neben der Spur,309792,994
The Chainsmokers - Break Up Every Night,309748,995
Ufo361 - Gott sei dank,309523,996
Lorde - Perfect Places,309461,997
Gene Autry - Here Comes Santa Claus (Right Down Santa Claus Lane),309086,998
Maxwell - Gangzeichen,308992,999
